repository,cbo_avg,cbo_median,cbo_min,cbo_max,cbo_std,dit_avg,dit_median,dit_min,dit_max,dit_std,lcom_star_avg,lcom_star_median,lcom_star_min,lcom_star_max,lcom_star_std,wmc_avg,wmc_median,wmc_min,wmc_max,wmc_std,rfc_avg,rfc_median,rfc_min,rfc_max,rfc_std,loc_avg,loc_median,loc_min,loc_max,loc_std
krahets_hello-algo,1.8744186046511628,2.0,0,11,1.512578571876796,1.0,1.0,1,1,0.0,0.0695392137674418,0.0,0.0,0.72727275,0.1768275431633376,8.748837209302325,7.0,1,31,7.30012072915861,6.553488372093023,6.0,0,19,3.3940126526791854,35.84651162790698,30.0,8,113,19.95672126767584
GrowingGit_GitHub-Chinese-Top-Charts,0.0,0.0,0,0,,1.0,1.0,1,1,,0.0,0.0,0.0,0.0,,1.0,1.0,1,1,,1.0,1.0,1,1,,5.0,5.0,5,5,
iluwatar_java-design-patterns,3.362311557788945,3.0,0,22,2.60657919242678,1.1959798994974875,1.0,1,6,0.5294579407361238,0.1223249259314641,0.0,0.0,1.0,0.2413217909023821,3.294974874371859,2.0,0,109,4.521767349629437,5.006030150753769,3.0,0,60,6.301616527433178,19.08040201005025,11.0,1,504,26.31117818294645
macrozheng_mall,3.934210526315789,3.0,0,45,4.966914318526482,1.2394736842105265,1.0,1,4,0.4392108588021277,0.3846267921164772,0.414285715,0.0,1.0,0.3876786815620687,20.09078947368421,11.0,0,574,45.23979056353268,4.877631578947368,0.0,0,219,11.768720950135725,132.7671052631579,31.5,2,2400,261.20182802565046
spring-projects_spring-boot,5.494622885001434,4.0,0,180,6.415774037540579,1.2884284485230857,1.0,1,16,0.7709062414060239,0.1618150380919465,0.0,0.0,1.0,0.280202792839282,4.97691425293949,2.0,0,216,9.252628803277332,7.13478634929739,2.0,0,269,13.47457793386068,29.44622885001434,11.0,1,1979,61.84174616063624
doocs_advanced-java,0.0,0.0,0,0,,1.0,1.0,1,1,,0.0,0.0,0.0,0.0,,1.0,1.0,1,1,,1.0,1.0,1,1,,5.0,5.0,5,5,
MisterBooo_LeetCodeAnimation,1.0,1.0,1,1,0.0,1.0,1.0,1,1,0.0,0.05,0.0,0.0,0.2,0.1,5.0,5.0,3,7,1.8257418583505536,2.25,2.0,0,5,2.6299556396765835,19.5,18.5,11,30,7.852812659593164
TheAlgorithms_Java,2.0779220779220777,2.0,0,14,1.475074785664527,1.0383963862224732,1.0,1,7,0.2597141472261745,0.101556978213515,0.0,0.0,1.0,0.2164439508651987,8.800112930547714,6.0,0,97,8.836724857204096,5.311688311688312,4.0,0,44,5.274710373174494,41.14455110107284,28.0,1,451,43.08721279838607
kdn251_interviews,1.1945525291828794,1.0,0,7,1.2535455552727108,1.0038910505836576,1.0,1,2,0.0623782861551805,0.0213541667578124,0.0,0.0,0.5,0.0881833042082981,5.949416342412452,5.0,0,22,3.755382809866144,3.2490272373540856,3.0,0,20,3.135022837342892,21.8715953307393,20.0,1,74,10.744323109698588
spring-projects_spring-framework,5.249973367423032,3.0,0,203,6.813602457368745,1.4734206881857888,1.0,1,70,1.5169673177233542,0.1805036049676897,0.0,0.0,1.0,0.3002913889093178,7.426067966336423,2.0,0,928,17.56224273882562,8.12794289975498,2.0,0,326,15.681436685295465,41.1259188239054,12.0,1,5591,105.52870301820364
termux_termux-app,5.912772585669782,4.0,0,61,7.18713208458326,1.4299065420560748,1.0,1,6,0.7041681643885342,0.354016533105802,0.11764706,0.0,1.0,0.3823227048350583,20.70404984423676,7.0,0,667,50.57027550644258,14.333333333333334,6.0,0,193,24.28652747237996,76.5202492211838,31.0,1,2044,153.46889056071817
google_guava,4.212364243943191,2.0,0,82,5.691035218594486,1.8581453634085208,1.0,1,66,2.321018434463045,0.1372347138911107,0.0,0.0,1.0,0.2762694921541118,7.118462823725982,2.0,0,253,16.139593103642135,6.948538011695907,2.0,0,217,14.544143514813069,41.56374269005848,10.0,1,2235,113.70483466927163
ReactiveX_RxJava,2.333781625619904,1.0,0,246,5.148872738884299,1.3221820627048837,1.0,1,26,0.8871266111520976,0.0719226197447776,0.0,0.0,1.0,0.2105807945584605,4.107590148777002,1.0,0,615,13.384070608372337,4.155333277296798,1.0,0,375,11.263223358000234,31.380768260906112,5.0,1,2808,103.85014839713244
skylot_jadx,4.368062317429406,3.0,0,83,6.479603797111661,1.6475170399221033,1.0,1,21,1.2380865401738066,0.2219953081420059,0.0,0.0,1.0,0.3312379630231616,9.972411554690035,3.0,0,426,24.01275807396725,10.704316780266147,4.0,0,425,24.29297392269437,44.90976955533917,18.0,1,1469,95.25430916375942
jeecgboot_JeecgBoot,7.355653128430296,4.0,0,98,9.604072418407174,1.1789242590559823,1.0,1,5,0.4543263891558347,0.2944122890374331,0.0,0.0,1.0,0.3592042300588626,13.592755214050491,3.0,0,456,36.60243659973768,14.185510428100988,1.0,0,425,34.94145258146709,60.50164654226125,16.0,1,2114,155.64875838340924
apache_dubbo,5.437386934673367,4.0,0,69,5.849820105045058,1.2872361809045223,1.0,1,13,0.6929682282162267,0.2596402950828888,0.0,0.0,1.0,0.3429730916418628,10.906934673366834,4.0,0,452,22.35779306835467,11.787939698492462,4.0,0,274,20.70364188665148,51.6721608040201,20.0,1,2589,101.25531383323792
PhilJay_MPAndroidChart,8.843137254901961,5.0,0,45,10.00663232327592,1.9803921568627447,1.0,1,6,1.2305967537333011,0.3228491504999999,0.0,0.0,1.0,0.3675717561680433,16.30718954248366,5.0,0,196,26.99952180408389,18.7124183006536,4.0,0,143,29.45909599908774,68.99019607843137,25.0,1,657,98.04777976416771
halo-dev_halo,7.667917448405253,5.0,0,61,7.348497507839129,1.2520325203252032,1.0,1,8,0.6315797060541637,0.2511319211943462,0.0,0.0,1.0,0.3227412479867752,5.00375234521576,3.0,0,102,7.324328854589215,14.632270168855534,7.0,0,199,21.26231918343757,35.04127579737336,17.0,1,571,51.618457249169495
TeamNewPipe_NewPipe,8.66468253968254,5.0,0,88,10.618294291291509,1.718253968253968,1.0,1,11,1.1454743376587353,0.3478641326141079,0.2,0.0,1.0,0.3689688872038029,18.267857142857142,6.0,0,470,39.06381686221103,20.160714285714285,7.0,0,462,39.870665214139656,77.15674603174604,26.0,1,1577,151.01737564810594
eugenp_tutorials,4.1294089127712015,3.0,0,43,4.005029682495809,1.1104601834269323,1.0,1,11,0.4195236287640353,0.177752665999257,0.0,0.0,1.0,0.2801101639589676,4.175386853056442,3.0,0,133,5.387788833274262,6.177124156599733,3.0,0,113,8.591782514452703,22.117773019271947,14.0,1,2879,37.312618545109935
alibaba_arthas,4.691734921816828,3.0,0,52,5.79096746803341,1.3618763961280715,1.0,1,14,0.7526050493250532,0.3020458597649734,0.0,0.0,1.0,0.3506117714456428,10.68577810871184,5.0,0,235,18.664010937992387,9.854802680565896,3.0,0,146,17.558136061929602,48.83767684288905,20.0,1,1425,89.25010744670672
YunaiV_ruoyi-vue-pro,8.207223208999407,6.0,0,108,7.611319095374003,1.2232089994079336,1.0,1,4,0.4358922993791462,0.2717343013150454,0.0,0.0,1.0,0.3366731263139808,5.034142490625617,1.0,0,369,11.391336750821312,9.036905466745608,0.0,0,270,17.82315470946201,26.120978882968227,11.0,1,1421,48.55597548824277
ashishps1_awesome-system-design-resources,0.8181818181818182,1.0,0,2,0.6030226891555273,1.0,1.0,1,1,0.0,0.1743686909090909,0.25,0.0,0.38888893,0.1482294790865106,6.363636363636363,5.0,4,13,3.0748244591432297,8.363636363636363,7.0,2,18,5.315500489563091,30.545454545454547,26.0,19,60,12.63616742816932
geekxh_hello-algorithm,1.0,1.0,0,2,1.0,1.0,1.0,1,1,0.0,0.0,0.0,0.0,0.0,0.0,8.666666666666666,8.0,0,18,9.018499505645789,1.0,1.0,0,2,1.0,20.33333333333333,26.0,4,31,14.364307617610162
doocs_leetcode,2.691860465116279,2.0,0,10,1.9774586512132843,1.005813953488372,1.0,1,2,0.0762492851663023,0.2451078452941176,0.25,0.0,0.6666667,0.190559460164446,7.104651162790698,6.0,0,38,4.781859164653789,4.436046511627907,4.0,0,15,3.415047979103428,27.686046511627907,24.0,4,150,17.65806584939822
airbnb_lottie-android,6.965635738831615,5.0,0,67,8.348375096365453,1.288659793814433,1.0,1,6,0.6479478941364185,0.322762770449827,0.1,0.0,1.0,0.3537030679053763,15.549828178694158,6.0,0,301,33.66600800210743,10.972508591065292,3.0,0,199,22.936477502811865,62.402061855670105,24.0,1,1073,122.73869017021327
bumptech_glide,5.97833223900197,4.0,0,76,6.504435207951035,1.237032173342088,1.0,1,20,0.8030131271698081,0.2236535013602648,0.0,0.0,1.0,0.3100224503686249,7.411687458962574,3.0,0,162,14.326419727543376,7.314510833880499,2.0,0,130,13.223847304146076,40.1483913328956,13.0,1,785,76.05577723418283
netty_netty,4.488761174968071,3.0,0,78,5.862786979685136,1.5275862068965518,1.0,1,26,1.1967908177720237,0.1922359723278583,0.0,0.0,1.0,0.3250812566865353,9.33831417624521,2.0,0,778,25.197908193109143,8.771264367816093,2.0,0,335,18.345659032156583,49.68927203065134,12.0,1,5184,140.74132641262318
SeleniumHQ_selenium,5.790887290167865,4.0,0,82,7.007085352244794,1.381294964028777,1.0,1,28,1.0463973712409096,0.2103880344538349,0.0,0.0,1.0,0.3108506202232576,8.282014388489209,4.0,0,206,13.128301166781046,12.81294964028777,6.0,0,298,20.25714075609256,47.72757793764988,20.0,1,1047,81.9170419283208
xkcoding_spring-boot-demo,5.051867219917012,4.0,0,19,4.00200140145653,1.1307053941908711,1.0,1,5,0.4884647768088304,0.106644012,0.0,0.0,1.0,0.2374175715277919,2.765560165975104,1.0,0,51,4.360689139198276,4.813278008298755,1.0,0,62,9.272631472771211,14.860995850622407,7.0,2,168,19.35894055633211
zxing_zxing,4.993322203672788,4.0,0,52,4.798615548812891,1.662771285475793,2.0,1,6,0.7692673399048808,0.3295342718896321,0.25,0.0,1.0,0.3498514241550911,16.242070116861434,7.0,0,189,25.22367828468168,10.631051752921536,5.0,0,161,14.829773362696947,67.14357262103506,31.0,1,604,93.13283616335552
keycloak_keycloak,6.998459009656873,4.0,0,127,8.404906372696045,1.53400452023834,1.0,1,24,1.0224162029214987,0.3436478766880351,0.16666667,0.0,1.0,0.3707230471990897,11.5351345798233,5.0,0,486,22.16292075524657,16.777480994452436,5.0,0,637,32.139315214148496,59.36233819601397,24.0,1,2030,114.9438027039539
alibaba_easyexcel,6.632142857142857,5.0,0,50,6.092932858676718,1.375,1.0,1,8,0.8344655397500914,0.280127486931416,0.0,0.0,1.0,0.3366932115392964,7.667857142857143,4.0,0,154,15.644543387299183,9.725,4.0,0,141,16.980976939432292,36.6875,15.0,2,664,65.13673951408636
Blankj_AndroidUtilCode,4.16865671641791,2.0,0,63,5.562250218243596,1.364179104477612,1.0,1,10,0.8356234289192939,0.2366438475619195,0.0,0.0,1.0,0.3533613968620396,13.8,3.0,0,534,36.65410574359278,9.919402985074626,3.0,0,155,18.184392187381608,59.69402985074627,14.0,1,1541,129.7112135397947
alibaba_nacos,5.433562315996075,3.0,0,62,6.566850828852069,1.2753680078508345,1.0,1,14,0.6673522218605689,0.2744100252288647,0.0,0.0,1.0,0.3251579217024343,8.428263002944062,4.0,0,222,13.847574021021977,11.609813542688912,5.0,0,208,18.44433847485996,47.689499509322864,23.0,1,1106,78.03849078510697
binarywang_WxJava,5.452402704184177,4.0,0,168,6.5540913255676845,1.21213228576649,1.0,1,5,0.4398619234908201,0.4384975247507713,0.33333334,0.0,1.0,0.4381505225316684,3.460076740361776,0.0,0,234,10.087243032515566,4.348437785492417,0.0,0,264,11.419343785419343,22.58852548876302,10.0,1,1848,51.440747153659565
apache_kafka,7.995375592149785,4.0,0,446,13.491033601495936,1.435371080532371,1.0,1,25,1.1006570169911674,0.3101069656701428,0.16666667,0.0,1.0,0.3433641146380329,13.30904579291676,5.0,0,620,28.49850970174121,18.050642905481617,6.0,0,762,37.643976307097255,82.00473719828558,27.0,1,7374,227.25464243880108
conductor-oss_conductor,7.444444444444445,6.0,0,111,7.805045780465195,1.2252050708426547,1.0,1,5,0.4977472149636983,0.3082358870200308,0.16666667,0.0,1.0,0.3409899294683625,12.332587621178224,5.0,0,446,24.103781612035743,18.99179716629381,8.0,0,456,31.38831075522049,71.09843400447427,30.0,1,1909,132.60973773566533
ityouknow_spring-boot-examples,4.726384364820847,4.0,0,19,3.1044014119135253,1.026058631921824,1.0,1,2,0.1595697948450157,0.1190133588925081,0.0,0.0,1.0,0.2531861382716629,3.175895765472313,1.0,0,19,3.542690914715004,3.185667752442997,1.0,0,38,4.98114646032271,14.530944625407166,7.0,1,95,15.90170542361028
chinabugotech_hutool,3.53942060872754,3.0,0,49,3.8348860219542336,1.2805280528052805,1.0,1,11,0.7492711155184365,0.2785941746202481,0.0,0.0,1.0,0.3779925887803124,11.602860286028603,3.0,0,665,29.655152372709725,9.887055372203887,4.0,0,258,18.78754458787701,49.80711404473781,18.0,1,1830,104.16716231290988
xuxueli_xxl-job,4.988372093023256,3.0,0,28,5.602827577802575,1.1569767441860466,1.0,1,4,0.4101178543135675,0.3020640619526626,0.0,0.0,1.0,0.3412205283913915,11.401162790697674,6.0,0,358,29.03932801804178,12.261627906976743,5.0,0,106,17.29334570063167,50.94767441860465,25.5,3,1162,100.64321003204437
apolloconfig_apollo,7.534351145038168,6.0,0,48,7.074811560956016,1.2404580152671756,1.0,1,14,0.673003946680683,0.3254461374093264,0.25,0.0,1.0,0.3291379478023861,8.573791348600508,5.0,0,84,10.306402691307476,12.969465648854962,5.0,0,124,18.23419015666775,46.54452926208651,27.0,1,391,56.19317162175385
alibaba_canal,5.8007590132827325,4.0,0,56,6.440918530933081,1.3785578747628084,1.0,1,13,0.8211100169832061,0.3658550502350597,0.2857143,0.0,1.0,0.380589614825393,18.05313092979128,6.0,0,346,30.44202723993046,14.708728652751423,5.0,0,202,22.742657512850464,106.9696394686907,30.0,1,7281,367.8031739475229
yuliskov_SmartTube,6.6645377128953776,4.0,0,76,8.083963571218392,1.5450121654501217,1.0,1,49,1.4567424723754183,0.3170139455336612,0.0,0.0,1.0,0.3653594264122062,16.80626520681265,5.0,0,936,39.25252929377736,12.149026763990268,4.0,0,339,24.51605818395594,74.25456204379562,21.0,1,2923,153.74286801355953
alibaba_spring-cloud-alibaba,5.93109243697479,5.0,0,32,4.970989033336877,1.1092436974789917,1.0,1,4,0.3527171100237092,0.2274299761120543,0.0,0.0,1.0,0.318760768311269,7.1042016806722685,3.0,0,350,18.264956949027525,7.603361344537815,2.0,0,113,13.479901067518474,32.721008403361346,15.0,2,1184,67.73174070786982
wuyouzhuguli_SpringAll,5.243386243386244,4.0,0,22,4.2773874824890505,1.1111111111111112,1.0,1,4,0.3690022871024322,0.2292460071199999,0.0,0.0,1.0,0.3234673546215432,3.335978835978836,2.0,0,18,3.22717682495054,4.777777777777778,2.0,0,35,6.1750188378740205,15.965608465608463,11.0,2,96,14.315926923784676
DrKLO_Telegram,6.956182852327786,4.0,0,526,14.110659813494925,1.676708096341549,1.0,1,2145,18.05436072801917,0.2792275875837409,0.0,0.0,1.0,0.3286103346611334,23.07822484376097,4.0,0,10052,152.4829551299528,16.732954146478477,5.0,0,2603,50.73733543245098,119.7361140369356,18.0,1,69276,880.7683155770744
alibaba_druid,5.236052940190986,4.0,0,430,12.920010674880263,1.6552186295861953,2.0,1,32,0.9246439735540508,0.1517730087348356,0.0,0.0,1.0,0.2919879476683853,13.180934829954769,2.0,0,3918,82.21562063177882,11.155972524711007,6.0,0,1003,31.54714701599989,58.61501088959625,21.0,1,10319,266.93168604705266
lenve_vhr,4.4361702127659575,2.0,0,31,5.843033735957143,1.0212765957446808,1.0,1,2,0.1450786515834624,0.3059697389247312,0.0,0.0,0.95652187,0.3675985024222848,9.074468085106384,7.0,0,69,9.333993096921546,5.617021276595745,1.0,0,111,13.221932238030462,31.606382978723403,20.0,4,296,42.2300963068794
crossoverJie_JCSprout,1.962962962962963,1.0,0,9,1.857965523581774,1.0925925925925926,1.0,1,4,0.3663748132660339,0.1467741977018633,0.0,0.0,1.0,0.2614570465999647,4.160493827160494,2.0,1,29,4.723291804335802,4.067901234567901,3.0,0,24,4.429049423706876,27.15432098765432,15.0,3,197,33.32869820545411
kestra-io_kestra,8.099783080260304,6.0,0,123,8.595689172414202,1.4321041214750545,1.0,1,11,0.8094559148235942,0.2630285125268664,0.0,0.0,1.0,0.3448659835270963,7.035574837310195,3.0,0,209,14.163557913552198,14.504989154013016,6.0,0,251,24.166273278270246,36.509761388286336,14.0,1,1147,69.29652728482462
qiurunze123_miaosha,4.146853146853147,3.0,0,26,4.53981689399364,1.1258741258741258,1.0,1,4,0.3905395793610153,0.3148388031854839,0.0,0.0,1.0,0.3617698135002656,5.891608391608392,3.0,0,149,11.478376292676598,4.706293706293707,1.0,0,83,9.296543155186283,30.003496503496503,13.0,1,1084,73.64549977326772
OpenAPITools_openapi-generator,5.23233636757694,3.0,0,101,6.145270342787494,1.249241439098396,1.0,1,23,0.743112364552583,0.2982757493972125,0.0,0.0,1.0,0.3833311107628656,12.72019939315128,4.0,0,1750,42.46478189730961,10.90962288686606,3.0,0,838,29.14276851276715,59.50780234070221,18.0,1,6079,176.3348331547778
apache_incubator-seata,6.478094326071343,4.0,0,629,20.76832527388074,1.7651424467321044,1.0,1,911,14.101002355103724,0.2358323785733073,0.0,0.0,1.0,0.3496036297908433,21.872157050514723,6.0,0,47551,736.2514663340825,10.970313622216905,6.0,0,360,17.115496208464492,66.8185300454872,25.0,2,66120,1026.4885964823372
apache_flink,7.209268331226296,5.0,0,178,8.689050876710429,1.6369706068268015,1.0,1,103,1.8552272306547424,0.3153767363492037,0.0,0.0,1.0,0.3611263888053663,8.473648862199747,4.0,0,1124,19.002259569442323,10.723214285714286,4.0,0,652,20.55273586590967,46.867493678887485,19.0,1,4556,102.14660439201612
alibaba_fastjson,1.8523786944839573,1.0,0,71,2.778813119923913,1.5043464517148728,1.0,1,15,0.7131871167597933,0.1364899229267853,0.0,0.0,1.0,0.2738397498824234,5.402718507981666,2.0,0,1350,32.323363895178126,3.1474632527264106,1.0,0,301,8.15074362778833,32.63726884779516,13.0,1,6666,156.11421929982856
JakeWharton_butterknife,3.959558823529412,2.0,0,69,6.413936379357519,1.2352941176470589,1.0,1,6,0.7108572250152728,0.1882637622374429,0.0,0.0,1.0,0.3439253761606908,4.602941176470588,1.0,0,234,19.774290741854447,5.125,1.0,0,230,17.677486881212054,28.352941176470587,8.0,1,1024,91.98917226606504
CodePhiliaX_Chat2DB,6.086124401913875,4.0,0,73,7.029375200718674,1.2660287081339714,1.0,1,5,0.5605518790769856,0.2779953562425952,0.0,0.0,1.0,0.3444358817501808,7.308133971291866,2.0,0,244,15.939864868081091,9.6622009569378,0.0,0,165,18.91870481039526,33.665071770334926,11.0,1,673,61.00650658659301
bazelbuild_bazel,7.532955284930742,5.0,0,338,10.369339545857423,1.618388026401413,1.0,1,48,1.3241219312591164,0.2571700968035151,0.0,0.0,1.0,0.3373307516336172,10.787766105791578,4.0,0,411,22.51740467704241,12.516872734033653,4.0,0,469,24.58166198510697,55.63902575067398,18.0,1,3739,123.97175198322722
jenkinsci_jenkins,6.34640522875817,4.0,0,234,8.529187803099665,1.906318082788671,2.0,1,59,1.7636870565447655,0.2260896947392373,0.0,0.0,1.0,0.3257045656401891,8.13919147906076,3.0,0,775,22.96707278211713,10.192205277172596,3.0,0,572,23.22944502098646,45.70055676591624,16.0,1,3013,114.78000706343288
scwang90_SmartRefreshLayout,6.651026392961877,3.0,0,56,7.59130155095532,1.5073313782991202,1.0,1,5,0.8492759399738044,0.1763959330746268,0.0,0.0,1.0,0.2988094020000719,10.47800586510264,2.0,0,696,40.90322456165457,10.343108504398828,3.0,0,204,17.194976720729443,53.21407624633431,12.0,1,2534,154.9969200114674
libgdx_libgdx,5.136142230881637,3.0,0,268,8.851693156682385,1.7895762299074525,1.0,1,48,1.605729226550601,0.2602057699078611,0.08,0.0,1.0,0.3164931034684871,19.44861178762786,6.0,0,4071,88.44406788606918,11.607403799318073,4.0,0,278,19.69006584648348,71.53726254262055,27.0,1,4186,160.15673717507298
apache_skywalking,6.0839363241678726,4.0,0,94,7.258476634478412,1.391027496382055,1.0,1,16,0.8032796577570321,0.2576975712089503,0.0,0.0,1.0,0.3313064231866863,6.331114327062228,2.0,0,173,12.408451147321353,10.93371924746744,3.0,0,212,19.15836102728484,35.62691751085384,15.0,1,730,60.5459147020518
proxyee-down-org_proxyee-down,5.516666666666667,4.0,0,34,6.223225134401482,1.4666666666666666,1.0,1,5,0.9291269214473296,0.3870576781355931,0.4,0.0,1.0,0.3781776350933836,11.55,6.0,0,71,14.022288553270698,17.183333333333334,9.0,0,120,24.26093439777428,56.53333333333333,36.5,2,321,62.740106024414736
greenrobot_EventBus,3.4262295081967213,3.0,0,20,3.065900812679761,1.836065573770492,1.0,1,12,1.4240515779898408,0.1604023431666666,0.0,0.0,1.0,0.2911885974272669,5.087431693989071,2.0,0,98,10.490864967349728,4.262295081967213,1.0,0,74,8.65625919638995,28.79234972677596,8.0,2,421,53.03462010953537
Netflix_Hystrix,3.340648379052369,2.0,0,79,5.187903227582035,1.570074812967581,1.0,1,114,3.592060195971952,0.1114364676611445,0.0,0.0,1.0,0.2514567657351503,4.199501246882793,2.0,0,307,11.962520468475947,4.9092269326683295,2.0,0,184,10.325768574665894,30.92768079800499,8.0,1,4101,143.69751322220355
redisson_redisson,5.775347912524851,3.0,0,205,10.54173462974075,1.3386348575215374,1.0,1,7,0.7698139915430237,0.17938673202995,0.0,0.0,1.0,0.306627712718286,12.328031809145129,4.0,0,529,30.54294481210799,10.452286282306163,2.0,0,331,26.13665693375376,58.25115970841617,14.0,1,2392,155.64080718788094
google_gson,3.024884792626728,2.0,0,44,4.451286984860206,1.284792626728111,1.0,1,24,1.02415435296198,0.1041443445859613,0.0,0.0,1.0,0.2404634810886064,4.863594470046083,1.0,0,390,16.68698732870785,4.985253456221198,0.0,0,133,11.40934766203373,32.10506912442396,8.0,1,1478,91.8291974070366
iBotPeaches_Apktool,5.868263473053892,5.0,0,38,5.3599933669752975,1.778443113772455,2.0,1,5,1.037845298061478,0.3721788265662651,0.33333334,0.0,1.0,0.3459992841585462,20.32934131736527,5.0,0,188,32.368630343071594,14.832335329341316,7.0,0,118,19.9995941810065,80.68263473053892,29.0,1,772,124.49600031415144
dataease_dataease,4.970848056537102,3.0,0,99,7.54720118902893,1.204946996466431,1.0,1,6,0.6757464987119615,0.2999106922496148,0.0,0.0,1.0,0.3844982128826826,8.855123674911662,0.0,0,422,29.805117681997856,9.159010600706711,0.0,0,319,30.15233029444928,39.68462897526502,9.0,1,1820,124.90527768294696
EnterpriseQualityCoding_FizzBuzzEnterpriseEdition,2.901098901098901,2.0,0,16,2.836488224136572,1.0,1.0,1,1,0.0,0.043951311235955,0.0,0.0,0.6,0.1291210538952936,1.868131868131868,2.0,0,5,1.1662741359540474,1.098901098901099,0.0,0,15,2.503574977484731,9.824175824175825,9.0,1,40,7.715199150008893
LSPosed_LSPosed,5.522248243559719,3.0,0,46,7.247233346434148,1.6463700234192038,1.0,1,16,1.2869896760042594,0.1990464229443099,0.0,0.0,1.0,0.3315773190166828,11.100702576112411,3.0,0,270,28.460361603532373,10.772833723653395,1.0,0,199,23.34870209174379,53.75175644028103,12.0,1,1092,127.7787818994812
ashishps1_awesome-low-level-design,2.6343001261034047,2.0,0,17,2.551971667085779,1.1387137452711222,1.0,1,4,0.4333646375933141,0.1754481028156566,0.0,0.0,1.0,0.2735195153863954,3.9281210592686,3.0,0,27,4.133031345941895,4.097099621689786,2.0,0,49,6.114596228021083,18.437578814628,13.0,1,157,18.53324749787064
doocs_source-code-hunter,0.0,0.0,0,0,,1.0,1.0,1,1,,0.0,0.0,0.0,0.0,,1.0,1.0,1,1,,1.0,1.0,1,1,,5.0,5.0,5,5,
alibaba_Sentinel,4.410807291666667,3.0,0,44,4.449629827516807,1.177734375,1.0,1,18,0.6519719602017029,0.2241236483056282,0.0,0.0,1.0,0.3226700907654836,7.592447916666667,4.0,0,140,11.090650239433298,8.968098958333334,4.0,0,141,12.610978022217225,36.51432291666666,20.0,1,604,48.0170279575226
kunal-kushwaha_DSA-Bootcamp-Java,1.2687747035573125,1.0,0,8,1.2403969541247652,1.08300395256917,1.0,1,3,0.3407328527871097,0.1057821125691699,0.0,0.0,1.0,0.228665074146907,6.41106719367589,3.0,0,74,8.78157545702204,3.015810276679842,2.0,0,17,3.149664103338994,26.14229249011857,16.0,2,265,31.943581059644988
apache_rocketmq,7.089824328803447,4.0,0,218,10.85054389973414,1.3337752734504476,1.0,1,11,0.748315592961661,0.3205422407484848,0.25,0.0,1.0,0.3382144036711435,15.360623135565133,6.0,0,531,35.05324503394774,19.49022207490885,6.0,0,704,36.24057529339946,78.29864103413988,29.0,1,2699,165.73444764666988
elunez_eladmin,8.01418439716312,5.0,0,37,7.683217200927227,1.1631205673758864,1.0,1,4,0.4483915655851849,0.2575708235497835,0.0,0.0,1.0,0.3393891501526479,6.226950354609929,2.0,0,105,11.477267517581195,8.76241134751773,1.0,0,112,16.52228965291055,28.617021276595743,11.0,1,441,49.646818044919165
google_ExoPlayer,7.587930508991161,5.0,0,127,8.947626781146033,1.295032002438281,1.0,1,31,1.0157913264015426,0.2962239512147446,0.0,0.0,1.0,0.3459676633523866,15.423956110941786,5.0,0,586,36.68877543613239,12.177080158488266,4.0,0,320,23.368652890899405,79.95976836330387,25.0,2,6525,207.3707742548797
CarGuo_GSYVideoPlayer,5.326409495548962,2.0,0,57,6.77884458403284,1.543026706231454,1.0,1,10,1.480558619887494,0.2197953102560241,0.0,0.0,1.0,0.3422428161559682,10.759643916913946,3.0,0,296,23.12300149396604,10.090504451038576,3.0,0,138,16.7012682575109,48.467359050445104,12.0,1,960,91.35662190217838
brettwooldridge_HikariCP,4.383783783783784,3.0,0,28,4.196110615894505,1.2864864864864864,1.0,1,5,0.6586226414144778,0.2127282739459459,0.0,0.0,1.0,0.3409330490275982,12.751351351351351,4.0,0,192,26.489185874100027,12.551351351351352,4.0,0,126,18.93635825402536,61.96756756756757,24.0,1,653,101.91086806311289
apache_shardingsphere,7.353878971595375,5.0,0,507,13.453826742517842,1.3682496912540698,1.0,1,7,0.7343043635631811,0.2141593109493671,0.0,0.0,1.0,0.325213448351842,5.7999326372516,2.0,0,500,17.484295606463782,11.070730885820142,4.0,0,412,20.889804878190184,27.987537891545976,11.0,1,1732,65.25639082521434
didi_DoKit,4.503505417463352,2.0,0,68,5.731571551425461,1.3205863607393244,1.0,1,18,0.8374771777838186,0.2617838613361842,0.0,0.0,1.0,0.3576763826618214,11.132568514977692,3.0,0,534,27.101877261831145,8.94136392606756,2.0,0,213,16.32815986313431,51.29381771829191,14.0,1,1541,105.81591263175758
mybatis_mybatis-3,3.569476082004556,2.0,0,76,4.993130547044256,1.2380410022779045,1.0,1,17,0.7795458028343913,0.2404225750435582,0.0,0.0,1.0,0.3240098057373503,6.753986332574032,4.0,0,362,14.053250824772627,6.924259681093394,1.0,0,279,14.664780891541298,34.77619589977221,16.0,1,1252,71.6838144660548
linlinjava_litemall,4.6175040518638575,3.0,0,50,5.849815592087357,1.1264181523500811,1.0,1,2,0.3325896620556942,0.4258802323502454,0.5,0.0,1.0,0.3680746126887736,23.700162074554296,10.0,0,590,54.57806767148238,8.73419773095624,5.0,0,229,15.200201234777191,147.2998379254457,37.0,2,2536,320.05883572852
ReactiveX_RxAndroid,2.272727272727273,1.0,0,18,3.788161605603482,1.1272727272727272,1.0,1,3,0.4326723786023175,0.0708313294444444,0.0,0.0,0.8,0.1990390029667442,3.5454545454545454,1.0,0,54,7.809818563402481,3.381818181818182,1.0,0,35,6.114617910266526,26.4,6.0,3,581,80.5657311580863
yudaocode_SpringBoot-Labs,4.298017771701982,4.0,0,21,2.965149171825097,1.053315105946685,1.0,1,4,0.2715933400582451,0.1390774646969697,0.0,0.0,1.0,0.2554849696616801,2.2952836637047165,1.0,0,21,2.294410840762912,3.0956937799043063,1.0,0,31,3.9865199391081134,12.107997265892005,9.0,2,84,10.260923458786674
dianping_cat,5.378435517970401,4.0,0,54,5.888665634560133,1.43446088794926,1.0,1,10,0.7083669894204084,0.3133565110923652,0.0,0.0,1.0,0.3563953459422859,9.901162790697674,5.0,0,143,12.71596134366699,10.97568710359408,5.0,0,124,15.363201648415645,51.79756871035941,26.0,1,702,69.97001499061902
lionsoul2014_ip2region,4.104166666666667,4.0,0,10,2.9335881981478003,1.2083333333333333,1.0,1,3,0.5819385554072728,0.2469677820833333,0.0,0.0,0.86580086,0.3356112137236011,11.458333333333334,6.5,1,62,13.42109855879252,9.729166666666666,8.0,0,58,11.39753535009818,53.5625,26.5,5,264,60.50985720648278
Baseflow_PhotoView,4.733333333333333,3.0,0,30,5.544858388223684,1.3555555555555556,1.0,1,3,0.5703091488416833,0.1632265973333333,0.0,0.0,1.0,0.2980221544390481,7.911111111111111,3.0,1,103,16.97701952402694,7.111111111111111,3.0,0,66,11.951078730737356,39.82222222222222,14.0,3,610,93.54684992725907
antlr_antlr4,5.773413897280967,3.0,0,54,7.225983967839099,1.8353474320241687,1.0,1,9,1.1662506160258557,0.278602370793313,0.0,0.0,1.0,0.3627721612707442,14.385196374622357,5.0,0,280,27.1090355929222,9.46978851963746,3.0,0,140,17.677515303563016,61.96676737160121,20.0,1,1372,114.81392740295767
YunaiV_yudao-cloud,8.162690653109113,6.0,0,108,7.526141174155948,1.214313648807196,1.0,1,4,0.4299359862356001,0.2679697037893511,0.0,0.0,1.0,0.3361391405990152,4.969104419241298,1.0,0,369,11.346446920304286,8.81462651544779,0.0,0,264,17.66500686169005,25.543605788032853,11.0,2,1421,47.99227555339232
dromara_Sa-Token,4.492146596858639,3.0,0,34,4.4203972707106125,1.219895287958115,1.0,1,6,0.7722731095482813,0.2001054158221024,0.0,0.0,1.0,0.3332230920454432,8.697643979057592,4.0,0,397,21.58433597119405,8.31675392670157,3.0,0,284,17.292690656191088,35.79842931937173,16.0,2,1287,73.07450513196802
williamfiset_Algorithms,2.7222222222222223,3.0,0,12,1.7710099152100571,1.0555555555555556,1.0,1,2,0.22931636131325,0.3091759284632516,0.22222222,0.0,1.0,0.3331703866262294,15.928888888888888,12.0,0,115,14.688277255703296,8.822222222222223,6.0,0,57,8.863952897833235,72.78444444444445,50.0,1,585,72.81559971252507
Tencent_APIJSON,5.914285714285715,3.0,0,44,8.67236633729219,1.2428571428571429,1.0,1,4,0.6688886366814536,0.5178937954237288,0.8055556,0.0,1.0,0.4620145770318658,70.58571428571429,9.0,0,1661,217.52471076399723,29.214285714285715,0.0,0,505,81.33147292784533,198.95714285714288,19.0,2,4671,617.5933758119423
LMAX-Exchange_disruptor,4.480487804878049,3.0,0,32,4.822102713349284,1.2902439024390244,1.0,1,8,0.8101751683721469,0.2747924966032609,0.0,0.0,1.0,0.3314738485650495,5.617073170731707,3.0,0,94,10.72310765904612,5.5,2.0,0,81,9.643587377429236,32.114634146341466,13.0,1,910,66.83328914825591
forezp_SpringCloudLearning,4.5524475524475525,4.0,0,15,2.366664978874256,1.048951048951049,1.0,1,2,0.2165241205270644,0.0799533809790209,0.0,0.0,0.75,0.2046272206480386,1.6223776223776225,1.0,0,9,1.3982090949849142,1.916083916083916,1.0,0,18,4.018437268070207,7.853146853146853,5.0,2,61,8.69025522077608
Tencent_tinker,4.792307692307692,3.0,0,96,7.113932330289677,1.603846153846154,1.0,1,53,2.5056361545336507,0.3201195094156378,0.0,0.0,1.0,0.3701405689166481,17.176923076923078,6.0,0,614,40.07574050503405,10.671153846153846,4.0,0,150,18.63630034048899,77.7826923076923,28.0,1,1334,137.61391108652285
ben-manes_caffeine,5.065340909090909,3.0,0,92,6.825575291814188,1.552556818181818,1.0,1,22,1.3945040859272393,0.2167469798871085,0.0,0.0,1.0,0.3190894528155741,11.006392045454543,3.0,0,616,32.35019536802505,13.764914772727272,3.0,0,644,36.202867423157066,64.734375,15.5,1,3376,200.9851158997978
infinilabs_analysis-ik,4.926829268292683,4.0,0,17,4.052099726699968,1.3414634146341464,1.0,1,2,0.4800914547021731,0.4432035965853658,0.44444445,0.0,1.0,0.3316049632026276,19.24390243902439,9.0,0,96,22.199978026796423,12.317073170731708,5.0,0,78,16.9653161249507,72.6829268292683,32.0,1,362,85.75617733562703
justauth_JustAuth,5.51010101010101,2.0,0,21,6.031844343369494,1.3434343434343434,1.0,1,4,0.5816415796170477,0.1082453764779874,0.0,0.0,1.0,0.2656445486063396,6.151515151515151,5.0,0,47,6.480527076959152,14.202020202020202,0.0,0,65,20.76823022698398,30.57575757575757,17.0,4,866,64.97646444801597
openzipkin_zipkin,6.4487804878048784,5.0,0,36,5.372662768728449,1.554878048780488,1.0,1,23,1.5337196868743108,0.2620154405092707,0.0,0.0,1.0,0.3252891490940006,9.47439024390244,5.0,0,109,13.082926182746789,12.023170731707316,6.0,0,94,15.131679233644611,47.52682926829268,23.0,1,773,65.58265585806161
baomidou_mybatis-plus,5.906309751434034,4.0,0,225,9.47122655191724,1.3336520076481837,1.0,1,15,0.7890127374371537,0.2105249208726877,0.0,0.0,1.0,0.330358972417957,7.462715105162524,2.0,0,161,15.386816139106282,9.19885277246654,2.0,0,201,18.55777577579841,37.43594646271511,14.0,1,729,68.45458249460039
gyoogle_tech-interview-for-developer,1.3076923076923077,1.0,0,2,0.7510676161988107,1.0,1.0,1,1,0.0,0.1417582453846153,0.0,0.0,0.6666667,0.2244852571257455,9.076923076923077,8.0,1,35,8.807776284450183,4.076923076923077,4.0,0,12,3.1480559731771622,48.92307692307692,42.0,8,188,45.56764484160068
material-components_material-components-android,7.1685499058380415,4.0,0,86,8.373287583278696,1.5409604519774012,1.0,1,11,0.9930129055352552,0.2243702367818267,0.0,0.0,1.0,0.3376825622794596,11.910075329566856,3.0,0,684,35.95936252719448,11.254708097928438,3.0,0,498,26.616846641968028,56.77495291902071,14.0,1,2497,146.5580068677878
alibaba_DataX,4.495908346972176,3.0,0,55,5.749869459881647,1.7152209492635024,1.0,1,8,1.5134929282465557,0.326640837609802,0.25,0.0,1.0,0.336234567634117,12.67266775777414,5.0,0,225,23.163257553590064,12.563829787234043,3.0,0,194,20.894385980470865,66.44353518821605,25.0,1,933,104.12177714081476
facebook_fresco,6.631368631368631,5.0,0,45,6.569549073184173,1.4155844155844155,1.0,1,14,0.892814024932899,0.2710365008408862,0.0,0.0,1.0,0.3506444703829739,8.943056943056943,4.0,0,154,14.507851468972042,9.05894105894106,3.0,0,122,13.870094537439984,46.44155844155844,17.0,1,583,69.7142656216705
nostra13_Android-Universal-Image-Loader,4.864285714285714,3.0,0,28,4.877212782122245,1.5857142857142856,1.0,1,6,0.9595091242435791,0.3300726994117647,0.133333335,0.0,1.0,0.3680459460897446,10.971428571428572,5.0,0,120,18.52004275254278,7.671428571428572,4.0,0,71,11.513797076740484,53.1,28.5,1,641,91.29533859360436
heibaiying_BigData-Notes,5.714285714285714,5.0,0,16,3.5125981644164272,1.2207792207792207,1.0,1,2,0.4174917781534153,0.1725555578666666,0.0,0.0,0.75,0.250306436428194,4.935064935064935,4.0,0,26,5.395752867662293,9.623376623376624,8.0,0,35,8.252653418652313,27.584415584415584,21.0,2,163,29.432505593462945
winterbe_java8-tutorial,1.0340909090909092,1.0,0,5,1.0444034059687686,1.0,1.0,1,1,0.0,0.0844065668181818,0.0,0.0,1.0,0.2058079969670146,3.102272727272727,2.0,0,11,2.729320460781118,8.409090909090908,7.0,0,37,7.944688623537985,23.64772727272728,19.0,2,95,20.01323686832676
shuzheng_zheng,4.49901768172888,3.0,0,40,5.716953911417975,1.4086444007858543,1.0,1,2,0.492066917854408,0.3580221967510548,0.0,0.0,1.0,0.3816905565646531,13.677799607072693,5.0,0,228,26.56803623679117,5.145383104125736,1.0,0,52,8.622124266714025,82.00785854616896,16.0,2,1017,154.78272788495332
prestodb_presto,8.815282239559432,6.0,0,429,12.374868696165814,1.3860333486308705,1.0,1,34,0.9635239038426696,0.3087345559522715,0.22222222,0.0,1.0,0.3334019383762455,12.00374789658865,6.0,0,652,24.159669941359773,16.54375095609607,8.0,0,657,28.79443024652764,61.88488603334863,27.0,1,3659,128.67224012993876
JeffLi1993_springboot-learning-example,4.614035087719298,3.5,0,19,3.868430822091385,1.043859649122807,1.0,1,3,0.2449616505002466,0.1669333405263157,0.0,0.0,0.8,0.2717226513265555,3.412280701754386,2.0,0,13,2.9950147472822968,3.5789473684210527,1.0,0,41,6.436751141208005,14.394736842105264,9.5,2,74,12.651641903345553
ashishps1_awesome-leetcode-resources,1.181818181818182,1.0,1,2,0.4045199174779452,1.0,1.0,1,1,0.0,0.06666667,0.0,0.0,0.6666667,0.2108185212188174,8.0,5.0,0,25,8.79772697916911,4.2727272727272725,2.0,0,23,6.694638288823513,32.72727272727273,13.0,4,87,31.28287361829443
android-hacker_VirtualXposed,3.947006194081211,2.0,0,61,5.326070261755585,2.792842395044735,2.0,1,303,11.858632567217102,0.135506766697074,0.0,0.0,1.0,0.2882506087983217,6.056434962147281,1.0,0,228,17.50752243543348,5.322780454232622,1.0,0,164,13.792879944642856,32.85340674466621,8.0,1,1267,89.08773098705517
dyc87112_SpringBoot-Learning,4.453531598513012,4.0,0,16,2.984205402491424,1.0260223048327135,1.0,1,3,0.1813901940175176,0.0848827670967741,0.0,0.0,1.0,0.211594212335238,1.8810408921933088,1.0,0,16,1.9945759551490896,2.7137546468401488,1.0,0,27,3.903193826093552,10.371747211895912,7.0,1,58,8.248660062784872
quarkusio_quarkus,5.186129061618276,4.0,0,178,6.388060337284264,1.2297563787506447,1.0,1,26,0.6668069595848334,0.2253351078842581,0.0,0.0,1.0,0.3420008434060387,5.54943721367677,2.0,0,1500,17.01655184735364,8.067686053214405,3.0,0,604,17.955684722325433,28.89605897879312,11.0,1,4502,72.72431608354816
android10_Android-CleanArchitecture,5.142857142857143,4.0,0,22,4.670753051268507,1.4285714285714286,1.0,1,3,0.7051615043752368,0.2471206234285714,0.0,0.0,1.0,0.3278702991240827,4.4,3.0,0,25,4.66286475166369,5.495238095238095,2.0,0,37,7.3695368416253455,21.52380952380953,13.0,2,201,27.08962874142032
apache_hadoop,7.468643412615399,4.0,0,358,11.432764174617272,1.6063486288598845,1.0,1,77,1.448914106816147,0.3016083200166979,0.0,0.0,1.0,0.3520809697589234,12.937968984492246,5.0,0,1114,28.315629066815124,15.942380281049616,5.0,0,1086,32.29432618183921,76.06189458365546,23.0,1,19657,218.93501061730208
Konloch_bytecode-viewer,4.72463768115942,3.0,0,68,6.298200806858746,2.0531400966183573,1.0,1,10,1.839064214794185,0.2342286821966019,0.0,0.0,1.0,0.3284639349138919,12.14734299516908,5.0,0,162,19.83393599708103,12.400966183574878,6.0,0,133,17.190109184812602,52.57971014492754,19.0,1,738,91.69180494121736
mockito_mockito,3.4511910322279307,2.0,0,57,4.546650685865809,1.3970107426436245,1.0,1,19,1.0770635201881342,0.1332455578193704,0.0,0.0,1.0,0.2647896379687877,4.470808033629146,2.0,0,135,9.181946566931844,5.140121438580103,1.0,0,117,9.55534697816339,24.99626342830453,8.0,1,812,48.99175960706039
apache_doris,8.451170212765957,5.0,0,1247,19.90452684884141,1.705531914893617,1.0,1,26,1.130909598929885,0.3419935959027342,0.16666667,0.0,1.0,0.3699870872286911,15.958829787234045,6.0,0,2070,46.61830561552353,17.733936170212765,7.0,0,1084,38.086193025793065,74.33563829787234,26.0,1,6950,189.01511500262149
apache_pulsar,6.877274650867541,4.0,0,177,10.313410018307994,1.6813372831146849,1.0,1,163,3.876062821598048,0.2313780866275182,0.0,0.0,1.0,0.3385201786950061,11.863168288898294,3.0,0,787,34.11790172340517,18.20947947524333,4.0,0,840,42.042592215986616,72.02849485117788,16.0,1,4202,204.87874801655693
java-decompiler_jd-gui,4.538083538083538,3.0,0,56,5.430519417672085,2.4176904176904177,1.0,1,15,2.3388940109725205,0.2432245298320987,0.0,0.0,1.0,0.323764746503445,8.901719901719902,3.0,0,116,15.361174652018793,10.503685503685505,5.0,0,180,18.275110565645363,47.44226044226044,17.0,1,582,79.9641605854088
zhisheng17_flink-learning,4.37821482602118,3.0,0,39,4.448943744833031,1.1437216338880485,1.0,1,4,0.3760771293809116,0.1891401628245033,0.0,0.0,1.0,0.3160187044215543,3.854765506807867,2.0,0,66,6.671519917763227,8.524962178517399,5.0,0,112,11.41217041238408,23.947049924357035,14.0,1,379,32.842395613249664
supertokens_supertokens-core,9.603532875368009,9.0,0,162,10.230344481678037,1.450441609421001,1.0,1,14,0.8352777388729686,0.583033551494024,0.790293035,0.0,1.0,0.4508815433620896,17.343473994111875,8.0,0,741,34.66924524583107,19.35819430814524,13.0,0,332,23.307803255788336,111.00883218842002,47.0,1,2815,177.12978193083936
zaproxy_zaproxy,4.747589098532495,3.0,0,58,6.04319076562596,1.9056603773584904,1.0,1,32,1.8115695465138515,0.4120039210571188,0.42857146,0.0,1.0,0.3971294168023437,14.740041928721174,6.0,0,473,29.490904254075925,15.290566037735848,6.0,0,270,27.081885815406736,71.86457023060797,24.0,1,1669,138.39493879463222
cryptomator_cryptomator,8.41014799154334,6.0,0,40,8.139466429025834,1.4207188160676534,1.0,1,6,0.9625145339014248,0.2968061996137339,0.0,0.0,1.0,0.3440198756975949,7.765327695560254,4.0,0,87,10.215158992910435,12.0,7.0,0,106,15.662759459887807,40.41437632135307,22.0,1,333,47.916169341976094
theonedev_onedev,5.845240920958936,4.0,0,380,8.951356803548988,1.4037502967006883,1.0,1,8,0.8260191252787804,0.2299698290930816,0.0,0.0,1.0,0.3615018866173383,6.739496795632566,3.0,0,2426,32.39574869618725,8.60040351293615,4.0,0,375,17.376069217159902,40.24281984334203,14.0,1,7767,177.6384282183707
elastic_logstash,5.414790996784566,4.0,0,75,5.901959728019457,1.6216505894962487,1.0,1,52,2.1191550916990494,0.3504146792772384,0.2,0.0,1.0,0.3765872336171798,8.621650589496248,5.0,0,124,13.034348920412896,10.929260450160772,5.0,0,152,16.73837214710208,47.06538049303322,23.0,1,761,74.83728423294488
eclipse-vertx_vert.x,6.677021696252465,4.0,0,106,9.312039758572872,1.641025641025641,1.0,1,13,1.2856973188858123,0.2290875594642147,0.0,0.0,1.0,0.3370569822426656,14.121794871794872,4.0,0,561,30.54818120238725,14.59319526627219,5.0,0,425,30.929040052141183,83.05522682445759,22.0,1,5948,273.5097611598652
arduino_Arduino,3.8533333333333335,2.0,0,68,5.742491951101303,1.6444444444444444,1.0,1,13,1.5617298894058151,0.2373794528504464,0.0,0.0,1.0,0.3321928643033076,12.215555555555556,4.0,0,358,27.647401723737875,14.873333333333331,5.0,0,428,33.31210913015464,57.31777777777778,18.0,1,1757,136.56565157027828
hdodenhof_CircleImageView,11.0,5.0,2,26,13.07669683062202,2.333333333333333,2.0,2,3,0.5773502691896258,0.3082367333333333,0.0,0.0,0.9247102,0.5338816828923927,25.0,2.0,1,72,40.70626487409524,24.33333333333333,4.0,2,67,36.96394639825858,120.0,12.0,6,342,192.2810443075448
Tencent_QMUI_Android,5.468105065666041,3.0,0,54,6.5639086869732335,1.629455909943715,1.0,1,16,1.3401124906983009,0.216902153127962,0.0,0.0,1.0,0.3403813924129598,10.602251407129456,3.0,0,376,27.01731933819825,9.5375234521576,3.0,0,150,17.475536195388997,54.69887429643527,11.0,1,1721,138.0469551287816
alibaba_ARouter,3.693877551020408,2.0,0,30,4.910347087623658,1.4081632653061225,1.0,1,4,0.7843407461424728,0.1920977977894737,0.0,0.0,1.0,0.3298982882606899,7.663265306122449,2.0,0,86,14.693391373423577,8.76530612244898,2.0,0,112,18.93276275601176,32.295918367346935,10.0,1,339,57.98794918954939
GoogleContainerTools_jib,7.061079545454546,5.0,0,45,7.497972564235839,1.2215909090909092,1.0,1,5,0.646064591873863,0.3152815688939617,0.33333334,0.0,1.0,0.324119551566579,8.833806818181818,5.0,0,110,12.00566221307998,16.296875,7.0,0,231,24.678096931735222,50.30681818181818,28.0,1,577,67.54828342422972
languagetool-org_languagetool,5.395118230358505,4.0,0,85,6.289913605766605,1.5900076277650648,1.0,1,28,0.9871857726160992,0.3011514032199154,0.0,0.0,1.0,0.3651838459603723,16.475209763539283,5.0,0,1592,47.04254565934595,13.89206712433257,6.0,0,369,23.380651948532467,81.91952707856598,25.0,1,12348,317.9349658508382
DuGuQiuBai_Java,0.7722132471728594,0.0,0,15,1.3126728999085515,1.1777059773828755,1.0,1,6,0.7356527850874566,0.0437388699999999,0.0,0.0,1.0,0.1650858913037841,2.975767366720517,2.0,0,54,4.196360827163089,3.919224555735057,2.0,0,81,6.889319301158272,17.51211631663974,12.0,2,287,22.637807363191907
deeplearning4j_deeplearning4j,8.395931142410015,7.0,0,217,9.517137538135064,2.191792731698835,2.0,1,1463,19.30355881861723,0.255772678859325,0.0,0.0,1.0,0.3468593494538188,26.09285341679708,9.0,0,14352,331.702097990842,15.114067118761955,5.0,0,3881,59.37702259726853,99.37210919840028,29.0,1,43058,880.4061613760574
apache_dolphinscheduler,6.572687224669603,5.0,0,70,6.41943797869902,1.3737151248164463,1.0,1,7,0.6833516810482734,0.2292087578159081,0.0,0.0,1.0,0.3169543271119934,6.311674008810573,3.0,0,239,11.280980336754952,11.34985315712188,3.0,0,279,19.49450792214125,34.90822320117474,14.0,1,1150,63.1667638071761
kekingcn_kkFileView,6.682692307692308,5.0,0,25,5.79967261057408,1.0769230769230769,1.0,1,3,0.3324608946215728,0.3766663751456311,0.41666666,0.0,1.0,0.3554153987105993,23.20192307692308,8.5,0,296,43.65206204221875,22.096153846153847,11.5,0,134,29.94704686828805,127.53846153846152,43.5,3,4011,407.1916350228252
Netflix_zuul,6.563461538461539,4.0,0,65,7.783672670982481,1.609615384615385,1.0,1,10,1.0141122935287648,0.2386211522612966,0.0,0.0,1.0,0.3189240236441649,8.15576923076923,4.0,0,158,14.253038258554636,10.923076923076923,4.0,0,222,18.94149409647476,43.09230769230769,20.0,1,695,68.03458217931245
janishar_mit-deep-learning-book-pdf,0.0,0.0,0,0,,1.0,1.0,1,1,,0.0,0.0,0.0,0.0,,0.0,0.0,0,0,,0.0,0.0,0,0,,2.0,2.0,2,2,
apache_druid,7.897726515101007,5.0,0,142,9.348461192187331,1.3754250283352225,1.0,1,165,1.8144157163161845,0.2767670028143202,0.0,0.0,1.0,0.3278434213513898,9.334355623708246,5.0,0,1061,18.062562975963345,12.106607107140476,5.0,0,552,20.56922089098468,52.26795119674645,24.0,1,3323,103.73664498371674
xpipe-io_xpipe,7.173886883273165,5.0,0,84,6.938395241801043,1.5487364620938628,1.0,1,21,1.062624387044283,0.1768509598825031,0.0,0.0,1.0,0.3027881762860136,8.925391095066185,5.0,0,288,15.221676226676948,15.499398315282791,7.0,0,246,23.144983181610023,44.057160048134776,21.0,1,1148,69.71000207143285
sqshq_piggymetrics,6.040404040404041,5.0,0,17,4.342291297533661,1.0606060606060606,1.0,1,2,0.2398205884755764,0.2273909768686868,0.0,0.0,0.8333333,0.2971388869541004,3.4242424242424243,2.0,0,18,3.490777672232554,7.121212121212121,1.0,0,55,11.888317646957184,19.0,11.0,1,90,20.054008709136497
orhanobut_logger,5.833333333333333,6.0,0,11,3.053445498410723,1.1666666666666667,1.0,1,2,0.3834824944236852,0.3125860744444445,0.125,0.0,0.882353,0.3712337893509302,10.055555555555555,5.5,1,38,11.557896318978704,9.166666666666666,4.0,0,35,11.009354311354556,45.94444444444444,36.0,3,152,44.30571895394706
opendataloader-project_opendataloader-pdf,7.451612903225806,5.0,0,43,7.020557520676768,1.1870967741935483,1.0,1,3,0.4075121984341616,0.3495407656953642,0.30357143,0.0,0.97647667,0.3615554116591639,21.948387096774194,9.0,0,149,30.343015959385458,22.12258064516129,14.0,0,185,26.56414326837476,102.01290322580644,56.0,1,510,119.65903871714562
pinpoint-apm_pinpoint,5.249133448873484,4.0,0,114,5.817755417000333,1.1383232235701906,1.0,1,20,0.4906625955121244,0.2418556421871024,0.0,0.0,1.0,0.31295033157901,6.14709705372617,4.0,0,169,8.757386916739057,7.378791161178509,4.0,0,163,10.568574364095264,31.58762998266898,18.0,1,849,46.411809042115614
seaswalker_spring-analysis,2.4242424242424243,2.0,0,14,2.6461092077603183,1.2424242424242424,1.0,1,4,0.7512615652314043,0.094949496060606,0.0,0.0,0.8,0.2138783829798476,2.6666666666666665,2.0,1,8,2.203217344400381,2.606060606060606,1.0,0,17,3.463554838776502,11.454545454545457,8.0,3,36,7.902099836004467
JessYanCoding_AndroidAutoSize,5.408163265306122,4.0,0,20,4.237326040416186,1.4081632653061225,1.0,1,2,0.4965869908241478,0.1303740408163265,0.0,0.0,0.9528986,0.291808847969146,8.83673469387755,4.0,0,67,14.089515810783311,7.693877551020408,4.0,0,65,12.092015412440306,35.10204081632653,15.0,2,303,56.24472008477744
lgvalle_Material-Animations,4.4,2.0,1,20,4.058660773300383,1.4666666666666666,1.0,1,3,0.7567874686642695,0.1596208079999999,0.0,0.0,1.0,0.3001147710675872,3.111111111111111,1.0,1,22,3.6383201807116623,7.666666666666667,3.0,0,60,11.02682679155291,22.444444444444443,8.0,5,204,35.28040632854263
LuckSiege_PictureSelector,5.156037991858887,2.0,0,108,8.657983218486747,1.237449118046133,1.0,1,9,0.6690421490487014,0.1815166108998609,0.0,0.0,1.0,0.3285123003049186,11.435549525101765,3.0,0,447,27.83035732544615,9.67706919945726,2.0,0,267,22.79156327714553,53.05698778833107,12.0,2,1629,136.20367983337815
tink-crypto_tink,7.6662116040955635,5.0,0,75,7.430358707041162,1.2887372013651877,1.0,1,41,1.241601337947264,0.3376871866881425,0.21428572,0.0,1.0,0.361355505562625,9.416382252559726,5.0,0,119,11.88193303008306,14.265529010238907,7.0,0,172,19.38254011954232,56.08259385665529,30.0,1,1256,78.78610719699496
Bigkoo_Android-PickerView,3.725274725274725,2.0,0,26,5.05759260708521,1.1538461538461535,1.0,1,2,0.3628001262733126,0.1322340772527472,0.0,0.0,0.9322446,0.2806805367385138,9.956043956043956,1.0,0,150,23.51023989097899,7.164835164835165,2.0,0,80,15.222252524412143,48.582417582417584,7.0,1,709,112.55764606380008
macrozheng_mall-learning,4.971887550200803,3.0,0,21,4.52448678824256,1.104417670682731,1.0,1,2,0.3064175187803729,0.303510991511111,0.0,0.0,1.0,0.3732060767605884,9.646586345381523,4.0,0,144,21.309442439686137,5.6305220883534135,3.0,0,78,8.759328675145595,57.76706827309237,16.0,2,680,127.37011869718438
pxb1988_dex2jar,5.425569176882662,3.0,0,51,6.836381864702317,1.5709281961471104,1.0,1,12,0.9821900056078066,0.2057149759387387,0.0,0.0,1.0,0.3156263356596535,15.779334500875656,4.0,0,356,38.52026571083755,9.842381786339756,3.0,0,149,17.81118386880472,73.05604203152365,22.0,1,1559,158.31402397486465
metersphere_metersphere,6.673960021609941,3.0,0,144,11.377811682765936,1.297947055645597,1.0,1,5,0.545761689850363,0.3557985387238525,0.0,0.0,1.0,0.3820641898287127,12.696920583468396,2.0,0,458,33.609982083830374,11.591301998919503,1.0,0,472,33.86320622736211,86.96758508914101,15.0,1,2211,205.3392538275268
youth5201314_banner,6.082191780821918,5.0,0,43,6.157094879210338,1.8356164383561644,2.0,1,4,0.6874610823355949,0.2609880153521126,0.0,0.0,0.96964294,0.3134684280776292,7.739726027397261,4.0,0,152,17.95057055520046,8.246575342465754,5.0,0,131,15.806803055363542,37.31506849315068,20.0,3,660,79.32018040692363
alibaba_COLA,4.329159212880144,3.0,0,35,4.515095093174925,1.3273703041144902,1.0,1,5,0.7147840167393981,0.2026573458811881,0.0,0.0,1.0,0.3190118907915429,3.599284436493739,2.0,0,34,4.745161601761967,3.7728085867620753,1.0,0,48,6.2570600541023245,17.207513416815743,11.0,1,178,20.13947462251824
macrozheng_mall-swarm,3.787958115183246,3.0,0,45,4.729878983245383,1.2316753926701571,1.0,1,4,0.4344192964871566,0.3836288197635605,0.4,0.0,0.9876977,0.3874811994207978,20.31282722513089,11.0,0,574,45.37469220159523,4.857329842931938,0.0,0,221,12.292175315543082,132.98821989528795,32.0,2,2400,260.80312720241125
plantuml_plantuml,7.177884615384615,5.0,0,132,7.463115447447026,1.5201923076923076,1.0,1,19,0.8692198354974303,0.2750772585668954,0.0,0.0,1.0,0.3337579678961729,12.170192307692307,5.0,0,451,24.66482945282697,11.934615384615384,7.0,0,254,17.5221236542904,48.23197115384615,22.0,1,1832,94.14264696384475
microg_GmsCore,6.038019009504753,5.0,0,72,4.955008313315311,1.7233616808404202,2.0,1,17,0.8796495256864616,0.3354073801398479,0.33333334,0.0,1.0,0.3452653308170267,6.123061530765383,2.0,0,162,11.472378956024182,4.312656328164082,1.0,0,161,10.316065922315651,29.301150575287643,13.0,1,635,52.43628436106465
codecentric_spring-boot-admin,7.753812636165577,6.0,0,49,6.134087737822022,1.289760348583878,1.0,1,5,0.6842933333173615,0.2338617141917807,0.0,0.0,1.0,0.3035056038252094,4.917211328976035,3.0,0,59,6.514487387210497,13.034858387799565,8.0,0,74,15.783430747776558,30.24183006535948,17.0,1,313,36.20611051417903
Netflix_conductor,7.498493975903615,5.0,0,83,8.250234101891406,1.254518072289157,1.0,1,4,0.5627802747804417,0.309925411130303,0.227777785,0.0,1.0,0.3360281478502949,13.090361445783133,5.0,0,345,27.690287168772183,20.186746987951807,7.0,0,780,43.88678089717429,70.86144578313252,28.0,1,1838,143.45527759970955
apache_zookeeper,5.6883484162895925,3.0,0,84,7.078398393202335,1.9926470588235288,1.0,1,96,3.012415773080876,0.2774077416999429,0.0,0.0,1.0,0.3392325844656947,12.037330316742082,5.0,0,384,23.95401574923263,13.749434389140273,6.0,0,304,22.435949195839108,70.30090497737557,27.0,1,1905,132.0024950428565
google_guice,3.8005661348430255,2.0,0,71,5.411328951181048,1.3046834791559443,1.0,1,43,1.250508752136908,0.0822600756567364,0.0,0.0,1.0,0.2210727572856564,3.076170869788986,1.0,0,219,8.548227230435046,4.151312403499743,1.0,0,190,10.737070921384817,21.82012352032939,6.0,1,1163,73.22055549369892
opensearch-project_OpenSearch,7.457842889618591,5.0,0,343,9.965251260820754,1.724829502399596,1.0,1,141,1.4906014929990914,0.2366903261037442,0.0,0.0,1.0,0.3198622472384444,11.149179085627685,5.0,0,798,22.20951662653844,15.488810305632736,5.0,0,733,28.038791053695387,67.75827229098257,24.0,1,6123,147.6850364031948
Netflix_eureka,5.859437751004016,4.0,0,61,6.436766144314165,1.2690763052208835,1.0,1,9,0.7032247272088149,0.2312074829276944,0.0,0.0,1.0,0.3159642779168938,8.467202141900938,4.0,0,236,16.343987689129243,10.267737617135207,4.0,0,207,17.514163264282796,44.95180722891566,18.0,1,1050,83.48688122418922
facebook_stetho,4.379251700680272,3.0,0,45,5.372405181003454,1.423469387755102,1.0,1,21,1.2488878339904,0.2239410392323651,0.0,0.0,1.0,0.3130513202652934,5.622448979591836,2.0,0,95,9.61615829193335,5.26530612244898,1.0,0,95,10.236106405878491,32.72278911564626,10.0,1,472,54.82028583211918
greenrobot_greenDAO,5.013736263736264,4.0,0,41,4.693624806646604,2.101648351648352,1.0,1,8,1.7162639697155655,0.3135223467235293,0.0,0.0,1.0,0.3786644500011348,10.821428571428571,4.0,0,173,17.587827062018746,9.225274725274724,3.0,0,102,13.838255701531072,50.9478021978022,25.0,1,727,73.96235376710698
debezium_debezium,6.82553317535545,4.0,0,72,7.540748347582337,1.6087085308056872,1.0,1,25,1.0195284268202682,0.3090043230286824,0.0,0.0,1.0,0.3658456385804432,11.85100710900474,5.0,0,449,25.2586974038842,15.52813981042654,5.0,0,328,28.349037878862628,64.75947867298578,20.0,1,3799,167.60894230248505
zhihu_Matisse,6.657894736842105,5.0,0,45,7.38386101634991,1.394736842105263,1.0,1,4,0.6341177044980645,0.3019619685333333,0.0,0.0,1.0,0.355649995545111,9.907894736842104,4.5,0,60,12.623974684785503,11.697368421052632,5.5,0,101,17.102841663959126,44.97368421052632,20.0,3,295,58.9747909272452
LawnchairLauncher_lawnchair,9.174235932590689,5.0,0,184,13.33699169422207,1.4178806055412738,1.0,1,18,0.8221297558507271,0.3377089386514186,0.0,0.0,1.0,0.3816723385086514,17.58297629248786,5.0,0,1147,45.71677761855997,17.577834904313054,5.0,0,874,39.31213567621717,80.99028848900315,21.0,1,4424,189.026005519882
daimajia_AndroidViewAnimations,3.3780487804878048,2.0,1,64,7.030164713491828,1.804878048780488,2.0,1,2,0.3987333150731603,0.0490474871951219,0.0,0.0,0.89772725,0.1810117141106963,1.853658536585366,1.0,1,23,3.24369074662506,4.829268292682927,4.0,0,27,3.509440101834614,11.768292682926829,5.0,3,191,25.22995416508992
daimajia_AndroidSwipeLayout,3.716216216216216,2.0,0,30,4.944958052844429,1.3243243243243243,1.0,1,3,0.599271432271895,0.1201166875675675,0.0,0.0,0.9651305,0.250105828184842,9.756756756756756,1.0,0,387,45.34640213509288,6.837837837837838,2.0,0,163,19.35609141105376,37.43243243243244,6.0,1,1246,146.22061405569372
pagehelper-org_Mybatis-PageHelper,5.820652173913044,6.0,0,30,4.8940029777387215,1.4565217391304348,1.0,1,5,0.8609696335570387,0.1361382580874317,0.0,0.0,1.0,0.2916581553998398,6.918478260869565,2.0,0,106,13.826358207359354,9.331521739130435,8.0,0,70,10.544927865214866,40.619565217391305,23.0,1,339,55.52163805856331
amitshekhariitbhu_android-interview-questions,0.0,0.0,0,0,,1.0,1.0,1,1,,0.0,0.0,0.0,0.0,,1.0,1.0,1,1,,1.0,1.0,1,1,,5.0,5.0,5,5,
redis_jedis,5.710635359116022,3.0,0,154,8.660922581874619,1.421270718232044,1.0,1,18,0.9662675723316164,0.2310050309215277,0.0,0.0,1.0,0.3298203224705993,14.583563535911605,5.0,0,1102,56.41209740039251,14.719613259668508,5.0,0,1017,44.16857012310579,87.40124309392266,26.0,1,4335,241.16091872429573
beemdevelopment_Aegis,7.432314410480349,5.0,0,86,9.52646914262768,1.7096069868995634,1.0,1,8,1.0273904497469128,0.2771659071052632,0.0,0.0,1.0,0.3356768281189535,9.827510917030567,4.5,0,233,19.19321163287542,13.192139737991264,5.0,0,386,28.691564787251377,52.86026200873363,21.5,1,1205,101.79720967025042
Team-xManager_xManager,2.017175572519084,2.0,0,47,2.604175724542604,1.0209923664122138,1.0,1,6,0.2425528818943009,0.0126401217175572,0.0,0.0,0.95331573,0.0932394053822263,2.33587786259542,1.0,0,178,9.847293451970556,3.698473282442748,2.0,0,142,8.310002125871012,41.64503816793893,7.0,2,11984,523.936938787669
PaperMC_Paper,6.95785260183659,5.0,0,310,12.190313131650834,1.6818931010124794,1.0,1,23,1.3037535559982611,0.2459636567561386,0.0,0.0,1.0,0.3388516202741306,9.839886979044032,4.0,0,747,27.03839284249134,7.404049917588886,2.0,0,553,21.152212036389106,38.3032728985166,15.0,1,2120,103.0198012974938
Yalantis_uCrop,6.337662337662338,3.0,0,44,8.658142485864769,1.3636363636363635,1.0,1,7,0.8415069644939762,0.2737727859740259,0.0,0.0,0.9410712,0.3714276794149719,12.7012987012987,4.0,1,89,19.987538838423763,13.805194805194803,4.0,0,135,25.7712809155335,61.12987012987013,13.0,3,486,102.38168404365348
provectus_kafka-ui,7.243664717348928,5.0,0,64,7.312038167885612,1.510721247563353,1.0,1,7,1.0736465254442171,0.2961077433448275,0.083333336,0.0,1.0,0.3346987085125184,6.7407407407407405,4.0,0,75,9.205606999621562,16.516569200779728,9.0,0,174,20.98400195879298,35.358674463937625,20.0,1,338,42.26076979734896
grpc_grpc-java,5.652173913043479,3.0,0,100,8.024790535580992,1.4182109764789737,1.0,1,22,1.072447738697492,0.1940456660564891,0.0,0.0,1.0,0.3073115969872513,6.649501069137562,3.0,0,220,12.736107807977152,9.052922309337134,3.0,0,344,19.88116218651902,47.12348538845331,12.0,1,2988,124.38775775742182
Tencent_matrix,4.506819813352477,2.0,0,54,5.699880595377517,1.2893036611629576,1.0,1,16,0.8603705699507906,0.2556345766558823,0.0,0.0,1.0,0.3510015231751706,9.44221105527638,3.0,0,192,17.00189302319275,8.985642498205312,3.0,0,140,15.259435390167567,56.73510409188801,16.0,1,1213,103.79978120689402
Tencent_VasSonic,4.198198198198198,2.0,0,25,4.900500567789562,1.279279279279279,1.0,1,4,0.5903954171288498,0.2269248029245283,0.0,0.0,1.0,0.3407442478465026,13.675675675675675,3.0,0,190,28.46821582114537,11.585585585585584,4.0,0,133,20.812788231569407,66.85585585585585,19.0,3,829,119.64279006859216
OpenRefine_OpenRefine,6.6953125,5.0,0,129,6.593070443244231,1.6860795454545454,1.0,1,9,0.8974603507052922,0.2820235200296029,0.0,0.0,1.0,0.3361513613291583,11.662642045454543,6.0,0,1938,53.51162953377565,12.106534090909092,7.0,0,226,15.930017970989578,52.48153409090909,26.0,1,2667,97.85414613624124
datahub-project_datahub,11.31585220500596,9.0,0,499,12.882271070072788,1.2090584028605482,1.0,1,12,0.5756246799956961,0.3416898929938414,0.33333334,0.0,1.0,0.341692525283179,10.68486293206198,5.0,0,248,17.19320898194544,22.26174016686532,13.0,0,453,29.23691972141666,65.53945172824791,30.0,1,1628,105.77387481962812
code4craft_webmagic,4.531976744186046,4.0,0,29,3.8717216004073807,1.183139534883721,1.0,1,9,0.5851969076357877,0.2318339541158536,0.0,0.0,1.0,0.3208597400115601,5.531976744186046,3.0,0,116,9.29899337099147,7.700581395348837,5.0,0,87,9.865001286865448,25.563953488372093,15.0,1,460,38.00984194410582
jd-opensource_joyagent-jdgenie,4.98015873015873,4.0,0,30,5.648714127077542,1.119047619047619,1.0,1,4,0.4482305691736328,0.2576032013772455,0.0,0.0,1.0,0.3583384279386378,6.472222222222222,1.0,0,93,12.717087910466455,12.246031746031743,0.0,0,149,24.010849641878245,36.43650793650794,12.0,1,852,74.35887952793088
newbee-ltd_newbee-mall,5.033707865168539,2.0,0,27,6.245815759738397,1.0674157303370786,1.0,1,4,0.4471564910375532,0.3548586160227272,0.33333334,0.0,0.91666675,0.3458901541778229,13.02247191011236,10.0,0,86,11.84365722855476,8.52808988764045,2.0,0,96,14.093913811900617,44.21348314606742,29.0,3,309,42.2708990565378
StarRocks_starrocks,7.1930910722297,3.0,0,1054,16.534086883619196,1.4675639300134589,1.0,1,35,1.035294432593452,0.2401628528752496,0.0,0.0,1.0,0.3358572601662764,13.748317631224763,3.0,0,1904,40.59901334180907,16.893584567070434,4.0,0,908,39.11131172551253,78.70515926424406,20.0,1,7100,198.5686413009085
langchain4j_langchain4j,6.220725861675416,4.0,0,71,6.9719522578536015,1.2077151335311571,1.0,1,9,0.6183974037538921,0.2594189089240476,0.0,0.0,1.0,0.3340841122617692,7.347181008902077,4.0,0,200,11.542901292475038,11.193791371832916,3.0,0,264,19.576115765802445,42.12211823784524,19.0,1,1131,67.59240194449521
realm_realm-java,4.293410041841004,2.0,0,92,6.7549775033614665,1.2128661087866108,1.0,1,16,0.7242396159491898,0.1586535169857768,0.0,0.0,1.0,0.3006726993212202,11.13336820083682,2.0,0,1019,51.23906370077288,8.201359832635983,2.0,0,409,24.67655207107341,57.61872384937239,9.0,1,4719,261.1158231068329
careercup_CtCI-6th-Edition,2.12807881773399,2.0,0,10,1.5665131894513098,1.0689655172413792,1.0,1,5,0.3322160646501237,0.1277800836177924,0.0,0.0,1.0,0.2326244939396446,9.024630541871922,7.0,0,106,8.160663686998095,5.651888341543514,5.0,0,29,5.034127009787276,34.635467980295566,28.0,1,317,26.851047278520284
gyf-dev_ImmersionBar,6.352112676056338,5.0,0,57,7.113265185850683,2.105633802816901,2.0,1,4,1.0014722954558344,0.3484109405839416,0.33333334,0.0,1.0,0.3616523335505682,12.288732394366198,3.0,0,510,43.93718614159712,12.105633802816902,7.0,0,187,19.478559861455263,50.96478873239437,19.0,2,1728,151.2707127589724
jhy_jsoup,6.120728929384966,4.0,0,68,7.187730757342791,1.765375854214123,1.0,1,59,3.068038845648973,0.206225080183908,0.0,0.0,1.0,0.3238977700846939,16.78359908883827,6.0,0,278,33.31599235854062,16.343963553530752,6.0,0,265,27.48337237052825,90.03872437357631,27.0,1,2372,222.14301998498496
mission-peace_interview,2.0134932533733134,2.0,0,6,1.2222158781214525,1.0374812593703149,1.0,1,4,0.3101461646015152,0.0636290009561128,0.0,0.0,1.0,0.1766689229716005,9.316341829085458,8.0,0,107,8.19619151597014,5.122938530734633,4.0,0,39,5.1552356896397455,40.86806596701649,35.0,1,423,33.377547024204745
apereo_cas,10.19237093061493,9.0,0,86,7.400034583794009,1.4898607914063355,1.0,1,59,1.0160848529171562,0.2262244599238647,0.0,0.0,1.0,0.3486528697169371,3.6194234352734846,2.0,0,203,6.600185348224843,11.03145894990683,6.0,0,216,16.007466368259394,25.523840841828346,13.0,1,781,39.27264527666335
ssssssss-team_spider-flow,5.385093167701863,4.0,0,30,5.169697901958636,1.7329192546583851,1.0,1,43,3.4017601399407105,0.3226749183125,0.25,0.0,1.0,0.3443498269687121,13.06832298136646,7.0,0,157,19.45640133208171,10.043478260869565,5.0,0,87,14.316663292334807,54.33540372670807,29.0,2,1136,105.12938124635868
permissions-dispatcher_PermissionsDispatcher,1.6218487394957983,0.0,0,14,3.28321771850358,1.226890756302521,1.0,1,4,0.5278189017545916,0.0770866244537815,0.0,0.0,1.0,0.237084957909799,4.495798319327731,3.0,1,85,8.444107312082389,1.369747899159664,0.0,0,26,4.131043177275776,26.756302521008404,11.0,3,1025,97.12633450310686
apple_pkl,6.39811542991755,5.0,0,188,8.163289123635945,4.319787985865724,3.0,1,363,15.314986923561882,0.163111068240276,0.0,0.0,1.0,0.2885765197850495,8.200824499411071,3.0,0,388,20.372149273597813,7.657832744405183,3.0,0,310,16.7858395162199,40.08539458186101,13.0,1,1917,103.87275378678012
daniulive_SmarterStreaming,3.8430232558139537,2.0,0,56,7.151968455941178,1.052325581395349,1.0,1,2,0.2233329375152536,0.080082502117647,0.0,0.0,0.95690876,0.2305181040069875,12.116279069767442,3.0,0,242,30.43002464850792,7.238372093023256,2.0,0,135,17.99337544507758,62.5,12.0,4,1525,205.4960479692837
lingochamp_FileDownloader,4.5278810408921935,2.0,0,30,5.449579229338784,1.687732342007435,1.0,1,28,2.503556810661841,0.2648014310546875,0.0,0.0,0.98333335,0.3297432484108956,11.773234200743495,5.0,0,176,20.455919780179872,9.055762081784389,2.0,0,138,17.165150782210432,53.48327137546468,18.0,1,651,88.3617727909004
H07000223_FlycoTabLayout,6.454545454545454,3.0,0,33,8.867394308261126,1.5454545454545454,1.0,1,3,0.7111130839619098,0.25294918,0.0,0.0,0.95852244,0.3398217047795983,17.636363636363637,4.0,0,171,43.44092121909521,13.303030303030305,3.0,0,98,26.26842787511851,82.72727272727273,16.0,4,721,184.97386178986085
jwtk_jjwt,5.623423423423423,4.0,0,70,6.830899150541276,1.9945945945945944,1.0,1,42,2.381859762330174,0.2283014035225225,0.0,0.0,1.0,0.3477277832970216,7.198198198198198,2.0,0,213,16.610215974694295,6.245045045045045,2.0,0,134,13.27457015382138,28.922522522522524,9.0,2,639,61.082852954272994
jfeinstein10_SlidingMenu,4.77027027027027,3.0,0,30,5.2330543146617465,1.8243243243243243,1.0,1,5,1.1976930805889432,0.1359926502702702,0.0,0.0,1.0,0.2649472658813257,10.41891891891892,3.0,1,195,28.872894221623536,10.08108108108108,3.0,0,130,20.45493326084601,41.68918918918919,13.0,3,682,100.48661407149092
androidannotations_androidannotations,5.95742471443406,4.0,0,91,6.418629850787938,1.6832814122533748,1.0,1,10,0.8995268048812524,0.226827725777027,0.0,0.0,1.0,0.3422443357858299,6.460020768431983,3.0,0,186,14.005538360993944,7.33852544132918,1.0,0,157,14.884574634989766,29.90654205607477,11.0,1,604,59.29840662145219
asLody_VirtualApp,3.938732394366197,2.0,0,58,5.266918423678516,2.5880281690140845,2.0,1,303,11.271084586908149,0.1497893378927944,0.0,0.0,1.0,0.2994545058610975,6.242957746478873,2.0,0,222,17.062360843678007,5.254929577464789,1.0,0,161,13.125236076079712,32.83380281690141,8.0,1,1177,87.02494428866898
square_javapoet,4.515151515151516,2.0,0,28,5.920155190263927,1.1515151515151516,1.0,1,5,0.6121830519165027,0.2755895449484536,0.0,0.0,0.97727275,0.3636955442541774,14.818181818181818,3.0,0,160,25.81186392164389,16.828282828282827,5.0,0,150,25.687303464282323,76.1919191919192,17.0,1,801,126.64305267631966
clojure_clojure,3.599781897491821,0.0,0,101,7.874293477447564,1.495092693565976,1.0,1,48,2.34269931578794,0.1327550974282585,0.0,0.0,1.0,0.2696898992836373,12.60959651035987,1.0,0,893,50.76999074461406,5.799345692475463,0.0,0,242,18.35408286049774,51.0948745910578,3.0,1,6110,255.9155299239072
aosp-mirror_platform_frameworks_base,7.311960226544681,4.0,0,314,11.211051958283598,1.7263012224186975,1.0,1,5152,26.26773150712448,0.3133447249086661,0.0,0.0,1.0,0.3622183552038978,22.354885830706543,5.0,0,4294,92.16809148051644,14.51569667614874,4.0,0,1675,39.78753337787976,106.74429153532714,23.0,1,15827,370.5179774561129
TooTallNate_Java-WebSocket,3.5916030534351147,2.0,0,34,4.160248632562914,1.816793893129771,1.0,1,7,1.3493380055207225,0.1643935492664092,0.0,0.0,1.0,0.3107724475258462,10.427480916030534,4.0,0,201,23.71398233913613,8.67557251908397,3.0,0,156,18.237410885354155,50.25190839694657,19.0,1,756,96.46263394341833
alibaba_vlayout,5.314465408805032,3.0,0,44,6.714935520751223,1.8553459119496856,1.0,1,7,1.491904220240838,0.286222690754717,0.0,0.0,1.0,0.3651558303848479,20.48427672955975,3.0,0,267,46.148748950487146,12.10062893081761,3.0,0,161,25.92862524695205,88.31446540880503,13.0,1,1324,198.9898902833941
zfile-dev_zfile,7.094252873563218,4.0,0,44,8.137235294056483,1.4827586206896552,1.0,1,5,1.091040903294504,0.2699838806354515,0.0,0.0,1.0,0.335185404049016,6.057471264367816,2.0,0,89,11.989584882909622,9.28735632183908,1.0,0,149,19.36450506361878,30.44137931034483,12.0,1,374,51.83657532931667
JingMatrix_Vector,5.063492063492063,3.0,0,46,6.9851366674870325,1.7174603174603174,1.0,1,16,1.3798527202101087,0.1769960433887043,0.0,0.0,1.0,0.3213016067986592,9.882539682539685,2.0,0,270,28.15135694754464,9.511111111111113,1.0,0,139,21.54795504440956,48.98095238095238,10.0,2,1092,128.96851792947174
resilience4j_resilience4j,7.182389937106918,6.0,0,39,6.393593833754218,1.447112635791881,1.0,1,15,0.9885957029294348,0.2027657026393348,0.0,0.0,1.0,0.2959952946900808,6.181818181818182,4.0,0,73,7.739693147044107,10.632933104631215,5.0,0,145,14.35832592908369,37.61006289308176,21.0,1,724,56.08412518498368
android-async-http_android-async-http,5.662337662337662,4.0,0,50,6.150849645566304,1.7857142857142858,1.0,1,5,1.078393174775521,0.3513267041558441,0.0,0.0,1.0,0.4043291196625663,10.746753246753247,6.0,1,174,19.55069217580529,8.88961038961039,5.0,0,128,15.301143401383287,49.48051948051948,25.0,3,666,76.13131249500456
jeasonlzy_okhttp-OkGo,5.595567867036011,5.0,0,28,5.068681865849033,1.623268698060942,1.0,1,7,1.0759550575810002,0.1905507028939828,0.0,0.0,1.0,0.3242354653541551,7.781163434903047,3.0,0,118,13.923372826469938,8.130193905817174,3.0,0,65,11.823103663593324,37.16897506925208,14.0,1,471,60.94320426340449
google_auto,4.1244560487380335,3.0,0,232,8.624331655417699,1.713664055700609,1.0,1,80,3.248799761531548,0.136812311868421,0.0,0.0,1.0,0.2929650869389374,4.974760661444734,2.0,0,181,11.14546938699444,6.816362053959965,0.0,0,483,23.534359424326848,28.248912097476065,8.0,1,2450,96.90483860414597
Activiti_Activiti,5.813593932322053,4.0,0,296,8.615914972591519,1.5210035005834306,1.0,1,8,0.884567250296466,0.256086446739476,0.0,0.0,1.0,0.3369285255714024,9.951283547257876,4.0,0,631,23.81516746624113,10.646732788798133,4.0,0,219,18.309781177926528,46.08547257876312,19.0,1,2489,108.0987913383166
lipangit_JiaoZiVideoPlayer,7.27536231884058,6.0,0,35,6.4463488479708975,2.115942028985508,2.0,1,4,0.9782371883086128,0.3521419256923077,0.2173913,0.0,0.9833334,0.3747618680063557,14.855072463768115,7.0,0,210,32.21676370459349,15.956521739130435,11.0,0,140,23.229313873162564,65.3768115942029,30.0,3,842,129.4346418591792
signalapp_Signal-Server,9.315874294923448,5.0,0,265,13.724600507623634,1.4762288477034649,1.0,1,15,0.9561130783302966,0.2832422011991869,0.0,0.0,1.0,0.3279801217896907,7.625302175664786,4.0,0,164,12.544847467916606,20.183722804190168,7.0,0,346,33.16979911830801,48.566478646253024,20.0,1,1101,87.14196225177666
tbruyelle_RxPermissions,4.65,2.0,0,20,5.668704483946556,1.1,1.0,1,2,0.3077935056255462,0.1825949975,0.0,0.0,0.7936508,0.3022712347682269,7.1,2.0,1,40,11.561733616137603,8.3,3.0,0,46,12.925291404635212,43.8,11.5,3,382,87.98779819713042
SonarSource_sonarqube,7.182583284628872,4.0,0,316,8.795422567315589,1.1606078316773816,1.0,1,10,0.4897028104493497,0.3496574093853372,0.33333334,0.0,1.0,0.3315741941626818,8.526592635885446,5.0,0,166,11.681268516585613,17.324956165984805,8.0,0,371,26.165671123037928,49.003039158386905,26.0,1,1416,75.70059491349727
awsdocs_aws-doc-sdk-examples,7.114949374627755,5.0,0,63,6.526229044154678,1.0399047051816557,1.0,1,6,0.3091053497666576,0.1894895878019093,0.0,0.0,1.0,0.3017092820623659,7.287671232876712,4.0,0,111,9.317472238333204,19.49493746277546,16.0,0,145,17.656362694636435,49.78737343656939,29.0,1,586,63.48938276333424
iflytek_astron-agent,6.177353342428376,4.0,0,172,8.969492782314518,1.0641200545702592,1.0,1,4,0.2813578907906577,0.2385170615200945,0.0,0.0,1.0,0.3355692113054783,7.664392905866303,1.0,0,705,28.736924687315227,12.054570259208733,0.0,0,617,33.38019312543963,50.184856753069575,12.0,1,3170,152.94169159028627
JessYanCoding_MVPArms,6.644295302013423,5.0,0,26,5.93782404578428,1.2818791946308723,1.0,1,3,0.5704495253597208,0.3512137555102041,0.0,0.0,1.0,0.3838513247017492,9.7248322147651,5.0,0,115,13.729952983326658,7.624161073825503,2.0,0,78,12.28461821672276,40.1744966442953,19.0,2,476,57.19935875935506
ZCShou_GoGoGo,7.25,3.0,0,75,12.540148290548087,1.4583333333333333,1.0,1,4,0.713347915274833,0.1841975485416666,0.0,0.0,0.9251852,0.3362519225898397,10.395833333333334,3.5,1,84,17.7820607466391,17.645833333333332,6.0,0,199,34.31052786966466,79.4375,18.5,3,907,169.73382243596413
JakeWharton_ViewPagerIndicator,5.4393939393939394,5.5,0,23,4.687557303457044,2.242424242424242,3.0,1,3,0.8604221872582903,0.2106279766666667,0.0,0.0,1.0,0.3530002142024685,9.075757575757576,1.5,1,124,22.271962785985576,10.015151515151516,6.0,0,77,15.162192275263976,44.65151515151515,13.0,3,596,100.54765306127506
stanfordnlp_CoreNLP,5.704529616724739,3.0,0,222,7.640234212852879,1.459233449477352,1.0,1,46,1.4904509770086378,0.3448826230615601,0.11111111,0.0,1.0,0.379774222254574,24.026016260162603,6.0,0,1281,68.14456991205392,14.722415795586528,5.0,0,1123,31.16828828963936,129.52357723577236,26.0,1,62903,1010.2721699169794
happydog-intj_JsBridge,3.5,1.5,0,18,5.003224766539689,1.15625,1.0,1,2,0.3689020326284735,0.2522800221428571,0.0,0.0,1.0,0.3615909402736117,8.1875,1.5,0,58,14.512369584865937,6.53125,1.0,0,43,10.907187257536552,36.25,5.0,2,212,59.71437391125275
xuchengsheng_spring-reading,2.813793103448276,3.0,0,12,2.17881021116674,1.0275862068965518,1.0,1,2,0.1640671474574844,0.0147619048965517,0.0,0.0,0.7142857,0.0859465288885526,1.6482758620689657,1.0,0,11,1.5981435357961562,3.2655172413793103,2.0,0,26,4.050953654398224,10.613793103448277,8.0,2,66,8.556497526584323
wasabeef_glide-transformations,5.555555555555555,5.0,0,11,3.3550574147710583,2.1481481481481484,2.0,1,3,0.769800358919501,0.454787302962963,0.53333336,0.0,0.8214286,0.3004422201912562,8.0,6.0,0,41,7.600607263188301,7.888888888888889,6.0,0,29,6.0722149889307175,36.7037037037037,27.0,1,168,39.642454723745566
googlesamples_easypermissions,8.93939393939394,8.0,0,26,5.803767062969716,1.4848484848484849,1.0,1,3,0.618527087180309,0.4783168818181818,0.6666667,0.0,0.85714287,0.3517333451249884,10.515151515151516,6.0,1,53,10.894726970308882,10.575757575757576,5.0,0,61,13.548593799335558,51.66666666666666,28.0,4,332,63.34511951734456
paascloud_paascloud-master,6.10377358490566,4.0,0,59,6.045152800427452,1.3153638814016173,1.0,1,5,0.5426541109636764,0.2181511909276437,0.0,0.0,1.0,0.3181814045670769,4.342318059299191,2.0,0,98,8.081655741964653,5.6940700808625335,0.0,0,175,13.72348646838636,22.140161725067387,11.0,2,649,39.80809944747719
hackware1993_MagicIndicator,5.0,4.0,0,16,4.535264871094123,1.3398058252427183,1.0,1,4,0.5697160981706183,0.2158199823529411,0.0,0.0,0.8930555,0.3344257952622864,8.62135922330097,4.0,0,90,14.502276024786774,8.097087378640778,4.0,0,58,9.888113842135676,44.00970873786408,21.0,1,325,64.58122946285508
OpenFeign_feign,5.087283671933784,3.0,0,59,6.222038361020108,1.671933784800602,1.0,1,92,3.158580197348506,0.1444414241201885,0.0,0.0,1.0,0.2639008077918308,5.346124905944319,2.0,0,141,10.197477191528115,7.503386004514673,0.0,0,159,15.748977657653842,30.21896162528217,9.0,1,769,63.75230495577378
HarlonWang_AVLoadingIndicatorView,3.565217391304348,2.0,0,13,2.3641291304893404,1.7826086956521738,1.0,1,4,1.046460144587107,0.1656941835869565,0.0,0.0,0.91764694,0.2857456103969179,3.0,1.0,1,63,7.612886703218692,6.706521739130435,2.0,0,71,9.241019452203622,23.48913043478261,6.0,5,288,36.14789357935754
lihengming_spring-boot-api-project-seed,5.0,4.0,0,15,4.675162334843877,1.2666666666666666,1.0,1,4,0.7988086367179803,0.2312508964285714,0.0,0.0,0.8782052,0.3491954849603988,6.8,3.0,0,28,9.135488101746008,9.8,2.0,0,54,15.996428172742636,32.266666666666666,12.0,2,158,45.30604921241859
spinnaker_spinnaker,6.618735864778003,5.0,0,109,6.878847935925131,1.5133912629448876,1.0,1,24,1.0972228732945726,0.2875185139469051,0.0,0.0,1.0,0.3483115837488088,5.405904059040591,2.0,0,461,11.95634851866747,10.11308177597905,2.0,0,293,19.92515331933848,29.082728246637306,13.0,1,1849,57.00011852939701
YoKeyword_Fragmentation,5.232394366197183,3.0,0,27,5.164660416227815,1.7077464788732395,1.0,1,5,1.0972869815833148,0.2219315362190812,0.0,0.0,1.0,0.3369185576732723,6.436619718309859,2.0,0,133,14.103085790563906,7.257042253521127,2.0,0,92,11.841150609544904,31.62323943661972,11.0,1,545,57.75562893405204
apache_cassandra,6.894632509911558,5.0,0,161,8.070601456113154,1.7731015553522416,1.0,1,65,1.865527928307312,0.2661405370568286,0.0,0.0,1.0,0.340691319300107,11.776532479414456,5.0,0,1253,25.876712913217435,14.0518450747179,6.0,0,880,25.084118862116085,59.561756633119856,23.0,1,3429,118.47258151844768
AutoMQ_automq,7.224308088393049,4.0,0,451,12.077495236619049,1.402274190087964,1.0,1,17,1.0369977931710046,0.3031835271701782,0.16666667,0.0,1.0,0.3400467028871587,12.191053422012445,5.0,0,572,24.67001560552762,15.879854108560394,5.0,0,625,32.45275247632344,72.5409783308303,25.0,1,4350,178.40511611825926
flyway_flyway,5.930666666666666,4.0,0,50,5.791019550315102,1.496,1.0,1,6,0.9411863660832188,0.2347505325788751,0.0,0.0,1.0,0.3440481253047165,11.62,5.0,0,390,22.96670545403824,12.558666666666667,4.0,0,418,26.2623337078905,42.304,19.0,1,1240,78.80276275544227
perwendel_spark,4.542986425339366,3.0,0,28,4.73422818369261,1.2986425339366516,1.0,1,5,0.781285632671563,0.2530377290327102,0.0,0.0,1.0,0.3300217536680008,9.429864253393664,4.0,0,112,15.171169262771768,9.828054298642536,5.0,0,99,14.358631560422022,43.38461538461539,20.0,1,411,60.81141892217835
koral--_android-gif-drawable,6.125,4.0,0,37,6.363337449174254,1.65625,1.0,1,10,1.28753178416616,0.2491694463492063,0.0,0.0,0.9276315,0.3183295182474202,11.078125,5.0,0,124,21.364043882929703,8.8125,4.0,0,85,14.476993242152645,46.078125,21.0,3,446,75.13444134212786
ksoichiro_Android-ObservableScrollView,5.014925373134329,3.0,0,24,4.606336878748876,1.9671641791044776,2.0,1,7,1.1667022027281624,0.1870739585329341,0.0,0.0,1.0,0.3079586523789594,6.686567164179104,3.0,0,105,11.794915370595811,8.101492537313433,4.0,0,64,10.950152331772191,37.67462686567164,13.0,1,747,67.66148424388061
bilibili_DanmakuFlameMaster,5.162790697674419,3.0,0,37,6.120353284754513,1.6104651162790695,1.0,1,14,1.3741582490793598,0.3149925104117647,0.0,0.0,1.0,0.3899457313454342,15.58720930232558,5.0,0,182,26.227936075165232,9.517441860465116,2.0,0,104,17.804485221495398,74.87790697674419,20.0,1,913,141.38166245947232
seven332_EhViewer,7.144758735440932,4.0,0,97,10.200359960153092,1.821963394342762,1.0,1,16,1.5099393382929194,0.2931509879202038,0.0,0.0,1.0,0.3508874553249312,14.657237936772049,6.0,0,281,29.10479316238063,13.500831946755408,6.0,0,222,24.12496112549637,73.83028286189683,25.0,2,1579,155.95308423182868
MyCATApache_Mycat-Server,4.895429899302866,3.0,0,59,6.21481619505349,1.2943454686289697,1.0,1,12,0.7207601079916163,0.3490616858587214,0.3333333,0.0,1.0,0.3573355800271094,17.50580945003873,6.0,0,897,43.39267885977113,13.536793183578622,6.0,0,217,21.120529017698075,71.99302865995352,33.0,1,1476,120.54709568025328
liaohuqiu_android-Ultra-Pull-To-Refresh,4.018633540372671,2.0,0,23,4.316352698878767,1.403726708074534,1.0,1,5,0.7191912296772817,0.1296516085,0.0,0.0,0.93631995,0.2729803288692696,5.807453416149069,1.0,0,213,18.74983850862132,6.720496894409938,2.0,0,132,13.463010055390765,34.01242236024845,10.0,4,744,79.03148008686473
spring-projects_spring-security,7.707160769016439,5.0,0,232,8.470773232423625,1.259543048202842,1.0,1,21,0.7444440347574156,0.2375995069339569,0.0,0.0,1.0,0.3171072021391872,6.438144329896907,3.0,0,147,9.552660059356471,11.204095848425744,5.0,0,185,17.132022656535177,40.240317637224855,16.0,1,2398,74.41077862438868
crossoverJie_cim,4.834146341463415,4.0,0,32,4.824549646568547,1.278048780487805,1.0,1,7,0.7381455948371074,0.1705671072402234,0.0,0.0,0.8787878,0.2720453518812468,5.263414634146342,3.0,0,38,6.486704203243201,7.224390243902439,3.0,0,72,11.36766959424076,28.985365853658536,13.0,2,248,41.118847122864885
umano_AndroidSlidingUpPanel,4.941176470588236,2.0,0,26,6.637682090113367,1.3529411764705883,1.0,1,4,0.7859052479933758,0.1903689670588235,0.0,0.0,0.94720507,0.3600785800064349,32.35294117647059,2.0,0,234,74.37232446991841,17.705882352941178,2.0,0,130,37.5961512423186,118.29411764705884,8.0,1,900,270.3813891306783
Justson_AgentWeb,5.3984375,3.0,0,55,7.348298289066527,1.48828125,1.0,1,9,0.9979682177932774,0.2141899874347826,0.0,0.0,0.9855769,0.3297204312044662,9.48828125,3.0,0,207,20.211233999422493,9.09375,3.0,0,162,17.39931821968332,44.21875,12.0,1,723,93.12533721481252
json-path_JsonPath,4.59375,3.0,0,29,4.966368616240239,1.4765625,1.0,1,13,1.0740094258135224,0.1819272053054054,0.0,0.0,1.0,0.3123111298062637,9.552083333333334,4.0,0,163,18.02137969736759,7.934895833333333,3.0,0,80,12.111467969903064,44.66666666666666,15.0,1,855,85.99194408399848
pockethub_PocketHub,6.575471698113208,5.0,0,43,5.341331486748215,1.481132075471698,1.0,1,4,0.7632697444891576,0.2249948151961722,0.0,0.0,1.0,0.2950004424036769,7.080188679245283,4.0,0,74,9.372652765863286,10.41509433962264,6.0,0,98,13.371376321470963,32.924528301886795,21.0,3,342,40.60156607845185
huanghaibin-dev_CalendarView,6.568181818181818,4.0,0,38,7.124678165435892,2.159090909090909,1.0,1,5,1.4919698475418417,0.3152203926857143,0.0,0.0,0.9796944,0.3636461033036879,15.460227272727272,7.0,0,254,28.99810058714773,15.625,7.0,0,197,21.88479576588015,65.66477272727273,28.5,3,997,117.01035904302071
GcsSloop_AndroidNote,4.875,1.0,0,16,5.986592162013855,1.375,1.0,1,2,0.5175491695067657,0.2824350575,0.0,0.0,0.80213916,0.3910759180135468,7.75,6.5,0,15,6.181770435262516,9.875,4.0,0,31,11.72832347049532,50.25,28.5,1,162,55.630798253177296
apache_jmeter,5.5321637426900585,4.0,0,97,6.02897873183742,1.998830409356725,2.0,1,12,1.5040413008072826,0.461682387982217,0.55,0.0,1.0,0.3809954699048608,14.77777777777778,7.0,0,321,23.87915200057495,18.12923976608187,9.0,0,273,27.421620181371203,74.25497076023392,34.0,1,1270,115.61465431772372
android_testing-samples,5.5,5.5,0,14,3.547161251081838,1.3488372093023255,1.0,1,3,0.5261948165386281,0.2621100987209302,0.0,0.0,1.0,0.3012957966562515,3.988372093023256,3.0,0,15,3.171543272683845,8.034883720930232,6.0,0,28,6.920468658762089,21.5,19.0,1,76,15.820872289478858
apache_seatunnel,6.856113744075829,5.0,0,69,7.192696733302525,1.3558293838862558,1.0,1,13,0.6952229116887291,0.3103807720616594,0.0,0.0,1.0,0.3535503933413567,10.646824644549763,4.0,0,347,20.64308828895458,15.01175355450237,5.0,0,278,23.9452481555342,57.21345971563981,19.0,1,9209,171.05333714803842
flowable_flowable-engine,6.5486156529322,4.0,0,403,9.458037115982304,1.6176149989099629,1.0,1,10,0.9565163440454372,0.259383448864083,0.0,0.0,1.0,0.3505758713333138,11.851645955962503,5.0,0,931,28.34567095776344,12.93361674296926,5.0,0,538,23.608226685406272,58.482341399607584,21.0,1,3650,144.48836896019623
cats-oss_android-gpuimage,2.9607843137254903,2.0,0,26,3.748477503111266,2.156862745098039,2.0,1,7,1.192728225202643,0.3017129613071895,0.0,0.0,0.9705884,0.3444686925590648,7.0130718954248366,4.0,0,113,12.839590770708805,6.2745098039215685,3.0,0,56,9.367662247072756,41.44444444444444,16.0,1,1008,102.86884143418597
alibaba_spring-ai-alibaba,6.2197847682119205,4.0,0,72,6.856539224710343,1.1908112582781456,1.0,1,9,0.5665032074318278,0.2641797144297832,0.0,0.0,1.0,0.3356583272450947,8.307533112582782,4.0,0,183,14.742798401911354,12.762831125827814,4.0,0,188,21.81593527633889,48.086092715231786,20.0,1,967,77.5489642763691
HMCL-dev_HMCL,6.872715816005041,4.0,0,98,8.323544470755307,1.7208569628229364,1.0,1,35,1.5342536282488646,0.3323977770539311,0.25,0.0,1.0,0.3461991445166124,12.14366729678639,6.0,0,209,19.25329345495874,15.333333333333334,5.0,0,272,25.18064203075701,61.26780088216761,26.0,1,1197,96.04896812471029
didi_VirtualAPK,4.895705521472393,3.0,0,36,6.16803137745269,1.6134969325153374,1.0,1,17,1.4286536585978775,0.3018072790705128,0.0,0.0,1.0,0.3752016941208997,8.877300613496933,3.0,0,162,18.684109907584663,8.631901840490798,2.0,0,112,16.807169639738486,48.96319018404908,17.0,2,883,100.76159918957909
LSPosed_LSPatch,4.342465753424658,2.0,0,48,5.896156967175967,1.3493150684931507,1.0,1,6,0.8597711464018596,0.2428895973263889,0.0,0.0,1.0,0.3286488349396241,10.60958904109589,4.0,0,288,26.2663737538088,9.650684931506849,3.0,0,231,23.99700914288061,48.0,18.5,2,1222,113.5784705193605
KunMinX_Jetpack-MVVM-Best-Practice,4.840336134453781,3.0,0,22,5.079008299834223,1.6218487394957983,1.0,1,6,1.0734989254899414,0.2235333484545454,0.0,0.0,0.9230769,0.3157648453960672,6.378151260504202,3.0,0,91,12.869614454761823,6.453781512605042,3.0,0,67,10.926369827755035,31.01680672268908,12.0,1,326,51.48242800321675
navasmdc_MaterialDesignLibrary,4.536585365853658,3.0,0,17,4.494702291604369,1.817073170731708,1.0,1,6,1.2285497701720602,0.2656804002439024,0.0,0.0,1.0,0.3716904085201367,6.597560975609756,2.0,1,50,10.461994423199188,8.426829268292684,3.5,0,45,10.956739273221528,35.69512195121951,13.5,3,280,50.58758180325477
Freelander_Android_Data,2.0,2.0,0,4,2.8284271247461903,1.0,1.0,1,1,0.0,0.0,0.0,0.0,0.0,0.0,21.0,21.0,16,26,7.071067811865476,7.0,7.0,7,7,0.0,58.0,58.0,41,75,24.04163056034261
java-native-access_jna,4.516359060402684,3.0,0,74,6.0937342529064935,2.363255033557047,2.0,1,124,4.316643620308509,0.2955727353445,0.0,0.0,1.0,0.4047764488915028,6.513842281879195,2.0,0,447,21.07723684975342,5.106124161073826,1.0,0,255,15.577458651498024,45.030620805369125,11.0,1,4349,161.76836556521835
PojavLauncherTeam_PojavLauncher,6.154228855721393,3.5,0,65,8.04359037755891,1.4104477611940298,1.0,1,6,0.6906502761872096,0.3436709042541436,0.225,0.0,1.0,0.3655527198801419,14.171641791044776,5.0,0,563,36.35105766422451,13.472636815920398,5.0,0,251,25.09732671007924,67.53482587064677,23.5,1,4751,252.5479042108473
frohoff_ysoserial,5.458333333333333,3.0,0,24,5.655213751665874,1.3416666666666666,1.0,1,5,0.6673141113818137,0.126821328974359,0.0,0.0,1.0,0.2622145438552988,5.316666666666666,3.0,0,36,6.701289645520872,8.941666666666666,5.0,0,58,11.709577946547626,32.09166666666667,19.0,1,251,39.52809783188767
karatelabs_karate,5.63840830449827,4.0,0,49,6.106141939543997,1.200692041522491,1.0,1,8,0.5985536049473584,0.3671898703163445,0.2413793,0.0,1.0,0.3849481629702027,26.47058823529412,10.0,0,681,50.94765723919905,18.984429065743942,9.0,0,309,28.60926816721143,114.02595155709342,52.0,1,2314,186.72242167691573
apache_shenyu,5.992930940728657,4.0,0,53,6.024693456891637,1.2294725394235997,1.0,1,5,0.5793859758243288,0.304052519554306,0.16666667,0.0,1.0,0.3352707080009,7.710440456769984,4.0,0,114,9.761426908293476,12.855084284937464,6.0,0,176,19.01033713849084,40.47906470908102,23.0,1,692,51.5057468666263
cabaletta_baritone,6.6997885835095135,4.0,0,65,8.282789229048117,1.386892177589852,1.0,1,6,0.8080615163446129,0.2117675427264957,0.0,0.0,1.0,0.3096131088100323,12.95983086680761,5.0,0,254,25.223754474737536,12.272727272727272,4.0,0,191,22.013373159123866,47.20507399577167,19.0,1,948,90.19297940262344
nathanmarz_storm,4.425381903642773,3.0,0,55,5.148387726027191,1.2878965922444183,1.0,1,20,0.9257526889288316,0.3041281660213523,0.125,0.0,1.0,0.3381696496756063,13.27497062279671,4.0,0,213,26.01722634930366,8.73560517038778,2.0,0,112,15.089907463300928,71.1539365452409,18.0,1,10184,366.3735137394344
laobie_StatusBarUtil,4.151515151515151,3.0,0,13,3.5277578938435896,1.5454545454545454,1.0,1,3,0.8325754129097365,0.1505296881818182,0.0,0.0,0.88414633,0.2643004037096354,5.090909090909091,2.0,1,97,16.551743934483984,6.727272727272728,3.0,0,67,11.630436167854818,31.393939393939394,11.0,5,398,70.32511082196183
Blankj_awesome-java-leetcode,1.6805555555555556,2.0,1,3,0.5522397134356254,1.0,1.0,1,1,0.0,0.0277777788888888,0.0,0.0,0.5833334,0.107431244089291,7.25,7.0,2,21,3.69144423815128,4.944444444444445,4.0,0,13,2.925790558333988,24.61111111111111,24.0,7,62,10.879047643120389
apache_iceberg,8.625282631038028,6.0,0,89,8.457759427811242,1.6908530318602262,1.0,1,51,1.6859180547948045,0.3426100525215065,0.28000003,0.0,1.0,0.3541691222622618,11.942651593011306,6.0,0,216,16.86334270719694,18.78643371017472,8.0,0,297,26.840756582932944,69.30277492291881,31.0,1,1651,109.05632241264112
chrisbanes_Android-PullToRefresh,6.024390243902439,4.5,0,34,5.84147708733664,2.1341463414634148,2.0,1,7,1.3495513211594583,0.1901676785365853,0.0,0.0,0.95475245,0.3117009407226317,9.926829268292684,3.0,0,233,28.45519783184617,7.951219512195122,3.0,0,133,16.916572660949818,43.5,17.5,1,945,111.75991131786826
ybq_Android-SpinKit,4.816901408450704,5.0,0,17,3.534765537405071,3.1690140845070425,2.0,1,9,2.4668424901536303,0.0980084128571428,0.0,0.0,0.9579999,0.245289084895822,5.140845070422535,3.0,0,60,8.458800615163033,5.887323943661972,5.0,0,50,7.394108264160919,25.52112676056338,11.0,3,318,41.88380496937061
amitshekhariitbhu_Android-Debug-Database,4.147540983606557,4.0,0,21,3.8027887379911536,1.278688524590164,1.0,1,3,0.520613341517599,0.2553584057407407,0.0,0.0,1.0,0.3748361916261012,8.426229508196721,4.0,0,73,14.277556999703464,8.688524590163935,3.0,0,73,13.490170475333212,39.22950819672131,11.0,2,330,64.37426852467864
shwenzhang_AndResGuard,3.4242424242424243,2.0,0,25,4.343201959776136,1.5,1.0,1,4,0.8638019716079873,0.434612580923077,0.5416667,0.0,1.0,0.4165493212961145,19.439393939393938,8.5,0,153,28.611524729020427,15.818181818181818,5.0,0,166,26.577555071270822,98.57575757575758,41.5,1,897,159.1262740579666
react-native-image-picker_react-native-image-picker,6.181818181818182,4.0,1,22,6.431456783935998,1.5454545454545454,2.0,1,2,0.5222329678670935,0.3321498209090909,0.25,0.0,0.9962406,0.3896434413611023,17.272727272727273,6.0,0,105,30.851550719829007,16.454545454545453,4.0,0,108,31.806803160216013,74.36363636363636,21.0,2,448,132.38449510971648
testcontainers_testcontainers-java,5.323593073593074,4.0,0,65,4.78556941402623,1.4848484848484849,1.0,1,13,0.8358100363648885,0.281135682027088,0.0,0.0,1.0,0.3542011005125102,6.324675324675325,3.0,0,181,10.556385127419032,13.596320346320349,9.0,0,299,18.259844329553324,35.26731601731602,20.0,1,737,49.09041532141214
dropwizard_dropwizard,5.955956678700361,4.0,0,57,5.900322891955641,1.5155234657039711,1.0,1,13,1.004295775140401,0.1938218099276315,0.0,0.0,1.0,0.2983224269850491,5.216606498194946,3.0,0,117,8.303101049050174,8.537184115523466,4.0,0,144,13.151692099150049,28.86137184115524,13.0,1,688,48.447660986399626
aeron-io_aeron,8.016320474777448,4.0,0,88,10.22848261870665,1.3026706231454006,1.0,1,9,0.9217774322271262,0.3728324742511485,0.375,0.0,1.0,0.354068719965637,16.178783382789316,6.0,0,530,37.31098778319391,20.34718100890208,7.0,0,502,37.83672890734863,94.51483679525222,33.5,1,2196,197.72050775221496
airbnb_epoxy,6.86437908496732,4.0,0,33,6.126295375770103,1.8235294117647056,2.0,1,18,1.0997255843325917,0.4278990945166667,0.36666667,0.0,1.0,0.416454675715608,18.214052287581698,3.0,0,175,27.62334217612449,9.367647058823527,1.0,0,99,13.96630733031415,70.75326797385621,11.0,1,674,103.15944901250246
google_tsunami-security-scanner,6.228187919463087,5.0,0,36,6.110785084455658,1.5268456375838926,1.0,1,5,0.939742129002052,0.192488542508591,0.0,0.0,1.0,0.3134152890847091,6.238255033557047,3.0,0,45,7.900066890697815,10.761744966442953,4.0,0,104,16.437831446658215,30.49664429530201,13.0,1,389,44.48055969433763
facebook_buck,7.08932887153746,5.0,0,190,8.73069740369147,1.3660531697341514,1.0,1,27,0.976267735234832,0.2389369893478384,0.0,0.0,1.0,0.3283821774442457,8.847090537274587,4.0,0,600,18.1657369944526,12.545361591373862,5.0,0,615,22.451330157854088,46.81316229782488,18.0,1,2433,97.01133573724496
junit-team_junit4,3.8681169272603673,3.0,0,41,4.187965807893783,1.4643099932019037,1.0,1,14,1.0503890677433585,0.1782298776804979,0.0,0.0,1.0,0.3314489631544365,3.7641060503059145,2.0,0,138,7.933445297305851,3.326988443235894,1.0,0,76,7.283833490141799,22.39700883752549,8.0,1,673,45.81518735536727
apache_beam,7.478592623993218,5.0,0,141,8.214513923997263,1.5286743777629743,1.0,1,39,1.3825259304215112,0.218202492528243,0.0,0.0,1.0,0.320288749683546,7.076121843396112,3.0,0,328,12.575184056233043,11.408829407133773,4.0,0,427,20.85345490406981,45.50499606370738,16.0,1,3543,99.86453149657817
chrisjenx_Calligraphy,5.72,5.0,0,17,5.062278801751901,1.44,1.0,1,3,0.5830951894845301,0.2934489219999999,0.0,0.0,0.90196085,0.3734356675798331,9.44,3.0,1,62,14.594747913775924,8.12,3.0,0,49,11.270610749496528,38.72,16.0,3,198,51.12445598732568
wildfirechat_im-server,6.445410628019324,3.0,0,104,8.339024435175128,1.5449275362318842,1.0,1,78,2.4973217509990144,0.3415711362975027,0.0,0.0,1.0,0.3730650219106738,21.716908212560387,6.0,0,1279,56.87978138216991,13.367149758454106,3.0,0,471,28.419904810721505,155.82125603864733,22.0,1,48073,1515.0406541367165
spring-projects_spring-ai,6.989932885906041,5.0,0,86,7.671384745594294,1.2072792978833249,1.0,1,42,0.9228648358461464,0.224140644511652,0.0,0.0,1.0,0.3246522837778357,7.227671657201858,3.0,0,211,12.315786363492474,12.766391326794013,4.0,0,336,20.71999639215145,46.213732576148686,18.0,1,1407,81.62817563458186
DImuthuUpe_AndroidPdfViewer,4.859649122807017,1.0,0,51,8.111804882152633,1.2456140350877194,1.0,1,4,0.6059438256138094,0.2585098172222222,0.0,0.0,0.951214,0.3632437481603946,12.789473684210526,2.0,0,227,32.39804714248402,9.842105263157896,1.0,0,113,20.93424183492222,58.333333333333336,10.0,1,1017,144.48323349754034
hs-web_hsweb-framework,6.172494172494172,4.0,0,48,6.184113238692688,1.3484848484848484,1.0,1,14,1.0977876502194606,0.2228422128260869,0.0,0.0,1.0,0.3333583239310652,6.346153846153846,3.0,0,125,11.474195711254785,8.966200466200466,2.0,0,101,15.465775812613504,30.48135198135198,11.5,1,853,63.54496750899796
roughike_BottomBar,4.909090909090909,2.0,0,45,6.833688659816213,1.2878787878787878,1.0,1,4,0.6267167564170378,0.148026968030303,0.0,0.0,0.96264017,0.3041755751763246,8.636363636363637,1.0,0,158,25.10325529833584,9.636363636363637,3.5,0,152,23.78728578537209,42.93939393939394,6.0,1,654,111.78631797219587
pentaho_pentaho-kettle,6.0496391480373175,2.0,0,299,9.244709844605744,1.2817285689139235,1.0,1,18,0.616441889410247,0.2450556070055713,0.0,0.0,1.0,0.3577720232488928,12.081235697940503,2.0,0,1649,39.62470498202466,13.562048935046649,2.0,0,1179,31.31051100258656,69.74353106847386,11.0,1,7134,197.43204777616128
bytedeco_javacv,6.125560538116592,4.0,0,35,6.770525783983759,2.1300448430493275,1.0,1,13,1.9233378216939483,0.3370499569223744,0.0,0.0,0.9800307,0.3753664131716954,28.72645739910314,9.0,0,441,55.27011125150562,20.739910313901344,11.0,0,198,28.126877498751227,120.96860986547084,48.0,1,1277,189.22079172022825
alibaba_transmittable-thread-local,5.587096774193548,5.0,0,15,3.7325996246726505,1.4322580645161291,1.0,1,9,1.0931864234186586,0.2821492918709677,0.0,0.0,1.0,0.3344127049782904,10.387096774193548,7.0,0,65,11.565952662754048,9.438709677419356,6.0,0,72,11.67864288446897,44.72258064516129,23.0,1,574,66.30052941786539
LaurieWired_GhidraMCP,16.333333333333332,4.0,0,45,24.90649179096352,1.6666666666666667,2.0,1,2,0.5773502691896257,0.4318658466666666,0.33333334,0.0,0.9622642,0.488640551738108,99.66666666666669,3.0,3,293,167.43157806499147,64.66666666666667,1.0,0,193,111.14105152162873,406.3333333333333,14.0,11,1194,682.140992268705
krahets_LeetCode-Book,1.2920892494929006,1.0,0,5,0.9238695004203548,1.002028397565923,1.0,1,2,0.0450377349111045,0.0071501015010141,0.0,0.0,0.3,0.038903638414204,2.8864097363083165,1.0,1,16,2.9013730087391334,2.261663286004057,2.0,0,12,1.9781558280098108,11.54158215010142,9.0,4,73,7.856745530895201
apache_shardingsphere-elasticjob,5.463087248322148,4.0,0,35,5.075925700144097,1.1543624161073829,1.0,1,4,0.5017593546177506,0.202715732655477,0.0,0.0,1.0,0.2912014213407756,4.848993288590604,3.0,0,87,7.027725332892339,9.43288590604027,4.0,0,88,13.23252393947615,26.16275167785235,13.0,1,333,34.990976341861625
aritraroy_UltimateAndroidReference,1.0,1.0,1,1,,1.0,1.0,1,1,,0.25,0.25,0.25,0.25,,6.0,6.0,6,6,,2.0,2.0,2,2,,22.0,22.0,22,22,
alibaba_atlas,5.638559708295351,4.0,0,67,6.71959307365771,1.4357338195077485,1.0,1,13,0.917340291033482,0.273215608471382,0.0,0.0,1.0,0.3431070618746109,13.631722880583409,5.0,0,281,23.44904957921527,11.71239744758432,4.0,0,178,19.363886766635783,71.79307201458523,22.0,1,13264,305.706788023784
apache_tomcat,4.544365012615644,3.0,0,81,5.876142553639378,1.8198065601345668,1.0,1,46,1.6644090422562408,0.3455956546687514,0.2,0.0,1.0,0.3776088638522096,16.106181665264927,5.0,0,1160,46.122069501620494,12.59251471825063,4.0,0,464,25.242455405420262,75.93734230445753,22.0,1,4994,195.15071332229664
alibaba_otter,4.594907407407407,3.0,0,38,5.333533920777488,1.4537037037037035,1.0,1,7,0.9154285542899772,0.2801301434390054,0.0,0.0,1.0,0.3506435407087587,9.626543209876544,4.0,0,340,18.26817066355376,9.60648148148148,4.0,0,153,15.699182418658896,52.594907407407405,21.0,1,5383,180.05399946427244
florent37_MaterialViewPager,4.545454545454546,3.0,0,26,4.843862313708442,1.2954545454545454,1.0,1,3,0.5531955983003284,0.1819900425,0.0,0.0,0.923077,0.3121561846174789,7.0227272727272725,3.0,0,72,13.340772677953115,6.954545454545454,3.0,0,51,11.04526531302418,36.72727272727273,16.0,2,332,64.4657340515689
guolindev_LitePal,5.009950248756219,3.0,0,32,5.162354162348069,1.6517412935323383,1.0,1,6,0.9581802819596732,0.2525112741624365,0.0,0.0,1.0,0.3679123461742964,11.27363184079602,3.0,0,233,23.13503298557798,12.8955223880597,4.0,0,160,21.90945069714771,58.85572139303483,17.0,3,797,105.8499602248484
junixapp_XPopup,4.704918032786885,3.0,0,50,6.320768457338521,1.5770491803278688,1.0,1,9,1.127467096413191,0.1692435359539473,0.0,0.0,1.0,0.3141232692496372,8.737704918032787,2.0,0,253,22.30242319214636,8.60983606557377,3.0,0,131,15.013214627783055,40.48524590163935,11.0,1,695,88.94661659652344
davemorrissey_subsampling-scale-image-view,5.625,3.5,0,47,6.619300631114319,1.5833333333333333,1.0,1,5,0.8841324226862571,0.1908364595714285,0.0,0.0,1.0,0.3020283221269427,13.40277777777778,3.0,0,509,59.90853585451419,10.166666666666666,4.0,0,193,24.166674761209592,59.19444444444444,14.5,3,2061,243.5162972183887
Graylog2_graylog2-server,8.219232240785614,6.0,0,162,9.06623965612576,1.3304425455936744,1.0,1,15,0.7102406322219459,0.2585292090556557,0.0,0.0,1.0,0.3349022967090914,6.905751817370233,4.0,0,212,10.204949220650272,12.397908430047188,4.0,0,239,19.582043933266235,34.51651575054202,16.0,1,2858,66.51650296915956
gunnarmorling_1brc,3.1666666666666665,3.0,0,17,2.475028315830446,1.09,1.0,1,5,0.3814128904328141,0.4493394695626072,0.5,0.0,1.0,0.3131403356139217,12.095,8.0,0,81,11.851444478503243,13.03,7.0,0,87,14.17794496883212,89.05166666666666,43.0,1,968,106.2934122120857
Netflix_SimianArmy,5.845901639344262,4.0,0,79,7.313415344656096,1.4229508196721312,1.0,1,5,0.7746802062241196,0.2810467763366337,0.0,0.0,1.0,0.3363557143965032,10.445901639344262,6.0,0,126,15.062518549568091,14.468852459016391,6.0,0,137,19.922708718745447,52.64262295081967,26.0,1,608,75.25198996104686
JakeWharton_hugo,5.714285714285714,7.0,1,10,4.231401884099631,1.1428571428571428,1.0,1,2,0.3779644730092272,0.1714285714285714,0.0,0.0,0.7,0.2984084768360628,13.0,8.0,2,41,14.317821063276352,11.0,2.0,0,34,14.27118308573843,54.85714285714285,59.0,9,143,50.26738031576266
jeecgboot_jimureport,6.166666666666667,5.0,0,13,4.063883796954769,1.0,1.0,1,1,0.0,0.2708333283333333,0.16666667,0.0,0.8333333,0.3038577631512364,5.333333333333333,3.5,1,18,4.996968778139101,9.5,10.0,0,18,6.68104510060841,29.166666666666668,20.5,5,68,19.46013796705896
exadel-inc_CompreFace,7.852852852852853,6.0,0,42,7.325025142806019,1.6576576576576576,1.0,1,5,1.3296581825599818,0.2550934108619247,0.0,0.0,1.0,0.3269109091416108,3.795795795795796,1.0,0,43,5.9242492570265695,9.64864864864865,1.0,0,101,16.868903797728642,23.32132132132132,8.0,1,389,39.39606650517506
dropwizard_metrics,5.525956284153006,4.0,0,29,4.636515217927723,1.3674863387978142,1.0,1,11,0.8070704779082581,0.2490336328043775,0.0,0.0,1.0,0.3220363290611357,6.592896174863388,4.0,0,75,8.410523915365157,9.96311475409836,5.0,0,76,12.854228711089254,41.10382513661202,20.0,1,496,60.66419995637415
HannahMitt_HomeMirror,2.727272727272727,2.0,0,35,4.944446627030415,1.0757575757575757,1.0,1,2,0.2666375275454884,0.1457198793442623,0.0,0.0,1.0,0.2948432832330314,4.03030303030303,2.0,0,34,5.796470270696435,5.303030303030303,2.0,0,57,10.328406976682835,26.045454545454547,11.5,3,230,44.04872540483106
AntennaPod_AntennaPod,7.551282051282051,5.0,0,94,9.09436100495149,1.486013986013986,1.0,1,8,0.7940356485948237,0.3200771339390387,0.071428575,0.0,1.0,0.3504933398306487,13.455710955710956,6.0,0,302,22.8118686230958,18.47785547785548,8.0,0,324,29.215492750123712,64.26107226107226,28.0,1,1492,107.79426101096595
MuntashirAkon_AppManager,7.928526249209361,5.0,0,104,9.152191529284629,1.47438330170778,1.0,1,5,0.7497731824616776,0.3407668155882353,0.16666667,0.0,1.0,0.366055426362311,17.851992409867172,6.0,0,405,34.89656838360817,15.848829854522457,5.0,0,384,27.146961392951503,81.34851359898798,31.0,1,1684,145.82908968414247
ChrisRM_material-theme-jetbrains,4.330532212885154,3.0,0,45,4.94321609785685,2.2549019607843137,2.0,1,10,1.4493353005412588,0.2081128754022988,0.0,0.0,1.0,0.3410560128803666,8.243697478991596,3.0,0,185,15.830368191446569,9.512605042016808,3.0,0,271,22.471279627167075,40.66386554621849,12.0,1,950,85.06797783863742
Tencent_Shadow,4.246290801186944,3.0,0,30,4.124207470717255,1.78486646884273,1.0,1,8,1.0583325624548026,0.1676984895440729,0.0,0.0,1.0,0.3003331565139796,6.596439169139466,2.0,0,195,14.860731957579215,5.962908011869437,2.0,0,130,11.036214377515217,32.50593471810089,12.0,2,682,57.355185899539805
FongMi_TV,6.869431643625192,4.0,0,75,8.866870204019884,1.4208909370199694,1.0,1,4,0.6979925977748656,0.3301964496969697,0.0,0.0,1.0,0.3625354447032176,14.242703533026114,4.0,0,486,34.069920251013706,17.391705069124423,5.0,0,500,38.17568930831753,47.59754224270353,18.0,1,1349,101.2090947271469
PowerJob_PowerJob,5.7456953642384105,4.0,0,43,6.216600253630598,1.184105960264901,1.0,1,5,0.5467643811481135,0.2454969315485997,0.0,0.0,1.0,0.3252788075028769,5.915231788079471,3.0,0,355,15.29300800839641,10.64635761589404,2.0,0,130,18.270897612875075,32.69403973509934,14.0,1,1173,62.06422962045354
lecho_hellocharts-android,6.42483660130719,4.0,0,27,6.594148932015329,1.6666666666666667,1.0,1,5,0.9032106474595007,0.3197695675999999,0.0,0.0,1.0,0.3692638844003065,13.601307189542483,4.0,0,125,20.01227908234061,11.013071895424837,6.0,0,94,17.624738493059816,71.86274509803921,41.0,1,528,93.32978164774018
goldze_MVVMHabit,3.58307210031348,2.0,0,28,3.826237042263617,1.2727272727272727,1.0,1,4,0.6522161718478753,0.1401464859546925,0.0,0.0,0.9741602,0.2852195966747667,6.429467084639499,2.0,0,136,15.319055734053348,5.188087774294671,1.0,0,101,10.94047857678661,28.557993730407524,8.0,1,519,55.826738851602215
trello-archive_RxLifecycle,6.432098765432099,6.0,0,19,6.164288830848491,1.654320987654321,1.0,1,7,1.141933599505248,0.1170554769135802,0.0,0.0,1.0,0.21941200265209,4.703703703703703,4.0,0,15,4.258651325374163,7.08641975308642,8.0,0,30,7.511986306670489,29.234567901234566,24.0,1,114,25.97559989920265
vipshop_vjtools,3.134564643799472,2.0,0,22,3.4733060669672184,1.2770448548812663,1.0,1,6,0.7627406207856466,0.241733454516129,0.0,0.0,1.0,0.3492866111757529,9.99208443271768,4.0,0,125,15.293164798660538,10.440633245382584,5.0,0,104,13.67241596529663,48.50131926121372,26.0,1,531,68.09227223362049
mapstruct_mapstruct,3.831425598335068,2.0,0,69,4.903045297777596,1.171696149843913,1.0,1,11,0.6010244301254078,0.3318617654338579,0.0,0.0,1.0,0.4111183099399774,4.547138397502602,2.0,0,312,10.74299118141364,3.601248699271592,0.0,0,363,13.2341369113857,21.62559833506764,9.0,1,1257,48.8819319004551
gedoor_MyBookshelf,6.336322869955157,4.0,0,74,7.73545838322416,1.469357249626308,1.0,1,6,0.8845156863657957,0.2532350965496183,0.0,0.0,1.0,0.3576732315519641,14.995515695067263,5.0,0,332,30.47451537999148,16.170403587443946,5.0,0,352,29.17561358618336,72.30941704035874,18.0,1,3959,198.20279697459333
google_android-classyshark,3.169811320754717,2.0,0,18,3.5664888361327947,1.278301886792453,1.0,1,7,0.9251109544809684,0.2536127683999999,0.0,0.0,1.0,0.3272907217264726,7.981132075471698,4.0,0,66,11.367602699311442,8.566037735849056,4.0,0,61,11.986974659072333,41.10377358490566,16.5,1,351,60.51914886263272
MinecraftForge_MinecraftForge,7.421832884097035,6.0,0,244,10.28337313616941,1.5721024258760108,1.0,1,21,1.288280343865653,0.3823135441689373,0.5,0.0,1.0,0.3619503963647212,8.196765498652292,4.0,0,242,15.011538481296672,10.117250673854448,4.0,0,323,18.24696833062319,38.17857142857143,18.5,1,803,63.14147105140184
koush_AndroidAsync,3.613259668508287,2.0,0,48,5.022602883362448,1.5322283609576428,1.0,1,29,1.746470348555155,0.1380294587218045,0.0,0.0,1.0,0.2777536061525467,6.767955801104972,2.0,0,115,14.529443476346923,5.950276243093922,2.0,0,110,12.351976510837726,33.30755064456722,8.0,1,727,74.48167310976199
Genymobile_gnirehtet,3.765432098765432,2.0,0,19,3.5960798271808136,1.1851851851851851,1.0,1,3,0.5270462766947299,0.2806189649382716,0.0,0.0,0.92424244,0.3458351007028381,10.987654320987655,6.0,1,87,13.70628854500781,12.333333333333334,7.0,0,81,14.982489779739549,53.45679012345679,40.0,3,373,64.09856655626474
kevin-wayne_algs4,4.003584229390681,4.0,0,12,2.50682264409731,1.021505376344086,1.0,1,3,0.1682641780180335,0.3596765067669173,0.4,0.0,0.9725655,0.2998210052328912,25.39068100358423,17.0,0,184,28.622098405960124,12.745519713261649,10.0,0,129,14.507865876856906,80.72401433691756,57.0,4,813,96.44903505833145
swagger-api_swagger-core,4.678791615289765,3.0,0,146,6.794491474225017,1.2268803945745992,1.0,1,9,0.6334827866329432,0.1510716351310717,0.0,0.0,1.0,0.2978031236882293,6.446979038224415,1.0,0,1045,36.21221415713796,5.110974106041923,0.0,0,664,23.944234315962944,28.96855733662145,8.0,1,2863,118.05376130888808
kaushikgopal_RxJava-Android-Samples,6.627906976744186,3.0,0,29,7.152204944471005,1.825581395348837,1.0,1,4,0.960292363141881,0.2634698540476191,0.0,0.0,0.9047619,0.3446704671542209,4.825581395348837,3.0,0,21,4.368851943595887,10.406976744186046,6.0,0,44,11.282863536173934,30.61627906976744,13.5,2,171,34.246912649051914
dependency-check_DependencyCheck,6.955252918287938,5.0,0,72,7.340502983377098,1.832684824902724,2.0,1,10,0.9947335934377188,0.3969458235937499,0.375,0.0,1.0,0.3822096142906756,18.03307392996109,7.0,0,347,35.34029606292492,19.105058365758754,10.0,0,296,29.53751131617087,81.72373540856032,40.5,2,1606,139.02930518649444
yuanguangxin_LeetCode,1.2413793103448276,1.0,0,3,0.6695340634119862,1.0,1.0,1,1,0.0,0.1774685322068965,0.0,0.0,1.0,0.2794038074692322,5.772413793103448,5.0,1,40,5.108197153685392,2.875862068965517,2.0,0,13,3.2550873828104527,23.73103448275862,20.0,7,107,17.05556897175206
lenve_VBlog,4.551724137931035,4.0,0,13,3.62122914113576,1.0344827586206895,1.0,1,2,0.1856953381770519,0.2829943558620689,0.0,0.0,0.9375,0.3442161804226806,7.517241379310345,5.0,1,32,7.697962112770832,5.896551724137931,3.0,0,34,9.240225830520313,26.93103448275862,16.0,4,114,27.795080544280747
enso-org_enso,6.438545454545454,5.0,0,102,6.7082612555752,1.6832727272727273,1.0,1,32,1.3357891611175368,0.280021286364304,0.0,0.0,1.0,0.3435873459582102,9.981454545454543,5.0,0,434,17.225296039207795,11.005090909090908,5.0,0,260,17.775835579980114,47.211636363636366,23.0,1,1284,76.0528640684034
dyc87112_SpringCloud-Learning,5.878205128205129,4.0,0,42,5.841797446947586,1.044871794871795,1.0,1,4,0.262144230641272,0.3031647074358974,0.0,0.0,1.0,0.3553968295091455,10.169871794871796,5.0,0,110,14.616204370786246,9.23397435897436,2.0,0,108,16.348684507271876,43.24358974358975,21.5,2,478,59.16333832588643
abel533_Mapper,5.086206896551724,4.0,0,34,4.636821294292106,1.2435344827586208,1.0,1,4,0.5288248585210388,0.1925618015388127,0.0,0.0,0.9692307,0.3168197066491557,7.556034482758621,3.0,0,126,14.543339795413427,7.601293103448276,0.0,0,92,13.016623299672148,41.928879310344826,16.0,1,888,75.04991359991517
gocd_gocd,7.504734848484849,5.0,0,122,9.147420121100009,1.277651515151515,1.0,1,19,0.7539707200621895,0.2457508586002328,0.0,0.0,1.0,0.3187032587279307,8.373484848484848,4.0,0,229,14.270009350547284,13.885795454545455,7.0,0,275,20.85115406880311,48.74772727272728,22.0,1,1562,87.16124148923173
Qihoo360_RePlugin,5.18859649122807,3.0,0,52,6.260249740788511,1.4166666666666667,1.0,1,5,0.6774764637788968,0.283287755479638,0.0,0.0,1.0,0.3553644796434062,15.640350877192985,5.0,0,238,28.403026364980924,10.703947368421051,4.0,0,136,17.56126061801735,66.39254385964912,22.5,1,885,114.18435772328624
leolin310148_ShortcutBadger,5.290322580645161,5.0,0,23,4.591249273615311,1.1612903225806452,1.0,1,3,0.4543694673976518,0.329947922,0.5,0.0,0.8671875,0.3292680126742325,5.580645161290323,2.0,0,41,7.77934955956425,8.612903225806452,7.0,0,36,8.639743126408481,28.548387096774192,16.0,2,162,32.47649273929008
square_dagger,3.174876847290641,3.0,0,20,2.9466799663862604,1.229064039408867,1.0,1,8,0.716123039871297,0.1204785531097561,0.0,0.0,1.0,0.27487673886106,3.5517241379310347,1.0,0,87,9.637172603281558,3.4211822660098523,0.0,0,117,10.625961433045653,19.810344827586206,5.0,1,717,53.8781981732808
Bearded-Hen_Android-Bootstrap,6.962025316455696,3.0,0,34,8.321185563297938,1.6708860759493671,1.0,1,4,0.8581661871710137,0.4668813674683544,0.59999996,0.0,1.0,0.4064171986111675,11.620253164556962,4.0,0,67,14.27594695540536,10.949367088607596,4.0,0,81,17.500841543265647,131.50632911392404,23.0,1,2812,421.3570832750952
zhongyi-tong_WeChatLuckyMoney,5.380952380952381,3.0,1,18,5.123243020550465,1.380952380952381,1.0,1,2,0.4976133515281192,0.2515286904761905,0.0,0.0,0.8687783,0.3520985702408842,10.523809523809524,4.0,1,88,18.93309020635313,14.38095238095238,10.0,1,63,15.038205313388264,44.333333333333336,21.0,6,279,60.02360646723365
Exrick_xmall,4.310126582278481,3.0,0,34,5.414151824979242,1.1613924050632911,1.0,1,4,0.4169769790827677,0.4370902816166134,0.6363637,0.0,1.0,0.3787905966416056,19.977848101265824,12.0,0,226,33.83521434774436,5.886075949367089,1.0,0,111,13.792095589264878,143.33227848101265,42.5,2,1008,233.78725989946497
crazycodeboy_TakePhoto,5.054545454545455,2.0,0,30,5.810011097771583,1.2545454545454546,1.0,1,3,0.5517038194331307,0.3413718227272728,0.35714287,0.0,1.0,0.3604746171007503,10.345454545454546,7.0,0,94,14.19209245373945,10.181818181818182,3.0,0,78,15.078916982785511,43.69090909090909,28.0,1,417,61.37615435356247
pedant_sweet-alert-dialog,4.375,1.5,0,19,5.536244214266564,1.25,1.0,1,2,0.4472135954999579,0.267441446,0.0,0.0,1.0,0.4031448885483001,11.375,5.5,0,62,16.684823443277228,10.3125,7.0,0,40,10.928365233037676,58.9375,23.0,3,307,80.84179508975127
NanoHttpd_nanohttpd,4.340277777777778,3.0,0,31,4.361566399902845,1.7916666666666667,1.0,1,16,1.563906709431287,0.2080321235416666,0.0,0.0,0.95238096,0.3025930392820699,8.875,4.0,0,118,17.435946712531493,9.694444444444445,5.0,0,97,15.848177313644753,49.34722222222222,21.0,1,480,83.73462238069139
wiremock_wiremock,5.983731019522777,4.0,0,116,6.994203938308402,1.418112798264642,1.0,1,11,1.114847031042845,0.2122429235844226,0.0,0.0,1.0,0.3199759486790085,8.202819956616052,4.0,0,283,15.305004436135867,11.48698481561822,5.0,0,210,18.03109221017087,42.25813449023861,19.0,1,887,71.84211727408633
cymcsg_UltimateRecyclerView,5.214659685863874,3.0,0,48,6.046277765556716,1.693717277486911,1.0,1,7,1.083356456203021,0.2319602834217506,0.0,0.0,1.0,0.3437877782404694,9.861256544502618,3.0,0,375,27.566271690235723,8.274869109947645,2.0,0,161,15.978343179761298,42.102094240837694,13.0,1,1207,99.21755594488374
Alluxio_alluxio,6.906630245840576,5.0,0,174,8.367474419445127,1.4834864663521232,1.0,1,68,1.4852856576603604,0.3408927618326223,0.33333334,0.0,1.0,0.3427402616643095,11.666997765085672,6.0,0,677,22.69620772305787,15.974174323317609,7.0,0,635,26.347902209699143,62.68909858455426,30.0,1,3236,120.31342446776428
didi_KnowStreaming,7.19593147751606,4.0,0,55,8.052290557041578,1.8190578158458244,1.0,1,7,1.0938886899987226,0.3045411887737226,0.0,0.0,1.0,0.3424728332358625,7.077087794432548,2.0,0,121,14.0154733691293,10.185224839400428,0.0,0,167,21.61186794617777,33.7441113490364,12.0,2,855,64.73337055375829
apache_hertzbeat,7.121951219512195,5.0,0,55,6.851644057400381,1.2479674796747968,1.0,1,52,1.3719015347823658,0.253778778573213,0.0,0.0,1.0,0.3170419336983975,8.728803716608594,4.0,0,288,16.715974248655968,14.055168408826946,4.0,0,231,23.10529367016653,47.36701509872242,20.0,1,2854,101.83955903908172
traccar_traccar,5.61504907306434,4.0,0,48,4.577049929670042,1.924209378407852,2.0,1,6,0.8246294291147261,0.1149477402349067,0.0,0.0,1.0,0.2450276773107728,7.814067611777536,1.0,0,449,22.61125246784325,10.593238822246455,4.0,0,131,16.03321967675744,37.88822246455834,13.0,1,1351,79.80048800796557
google_error-prone,7.964918032786885,5.0,0,636,14.11729022566583,1.5527868852459017,1.0,1,26,1.1072380773259305,0.1871291786487997,0.0,0.0,1.0,0.3066939543380834,8.449508196721311,4.0,0,343,15.896029074228858,12.08655737704918,6.0,0,286,19.33210087534876,35.09672131147541,17.0,1,1114,62.34961696005018
google_agera,6.327586206896552,4.0,0,36,6.685696996308813,1.2413793103448276,1.0,1,5,0.5362417219366128,0.2082782801384083,0.0,0.0,1.0,0.3130765461932756,6.9,3.0,0,100,12.589623342934251,7.3068965517241375,2.0,0,82,14.762208156073424,37.57586206896552,13.0,2,500,69.1466730300365
h2pl_JavaTutorial,0.3333333333333333,0.0,0,1,0.5773502691896258,1.0,1.0,1,1,0.0,0.0,0.0,0.0,0.0,0.0,1.0,1.0,0,2,1.0,0.6666666666666666,0.0,0,2,1.1547005383792517,4.666666666666667,6.0,2,6,2.309401076758503
rest-assured_rest-assured,5.171388101983003,4.0,0,51,5.856712465822378,1.2110481586402266,1.0,1,7,0.5239698767295777,0.1563268501543909,0.0,0.0,1.0,0.2874376364779096,9.903682719546742,3.0,0,176,18.8319726022554,11.331444759206798,4.0,0,185,17.917559117196202,41.039660056657226,14.0,1,680,75.82739722243976
Col-E_Recaf,8.438175270108044,6.0,0,105,8.931845111105625,1.582232893157263,1.0,1,15,0.9794384901250366,0.2655275607383686,0.0,0.0,1.0,0.3399252072035139,10.611044417767108,4.0,0,484,21.867715267962232,12.03841536614646,4.5,0,251,20.583639402714983,47.66266506602641,19.0,1,1137,82.71139598438627
ogaclejapan_SmartTabLayout,6.355555555555555,4.0,0,26,5.7767384457587365,1.6444444444444444,1.0,1,5,0.9806202943118,0.2313984654444444,0.0,0.0,0.9094205,0.3050199517353552,8.0,4.0,1,61,12.249304247403382,9.844444444444443,4.0,0,73,15.084542894746075,42.48888888888889,27.0,3,350,69.21659753077562
JakeWharton_ActionBarSherlock,6.126463700234192,4.0,0,49,7.061961011912564,1.9718969555035128,1.0,1,11,1.5055942344292428,0.2525708060941176,0.0,0.0,1.0,0.3546590289280096,13.976580796252929,3.0,0,285,32.55683963564254,11.370023419203749,4.0,0,172,20.72112710942376,61.97423887587822,18.0,2,1072,129.71031932903588
naman14_Timber,5.399558498896247,3.0,0,60,6.6798932069287575,1.4613686534216337,1.0,1,8,0.8154671165772154,0.2040904648372093,0.0,0.0,1.0,0.3218481871379332,9.08167770419426,2.0,0,464,29.13881856941972,9.896247240618102,4.0,0,274,19.3104655253568,48.25386313465784,14.0,1,2223,134.2053785845285
mrniko_netty-socketio,4.823863636363637,3.0,0,34,6.531479715403492,1.255681818181818,1.0,1,5,0.5528849954392125,0.244393855862069,0.0,0.0,1.0,0.3332173666662836,8.585227272727273,4.0,0,96,14.17174686095222,8.443181818181818,3.0,0,91,16.387352582870875,38.39772727272727,15.0,1,343,61.020378754778505
NLPchina_elasticsearch-sql,9.581227436823104,6.0,0,304,19.721560185976656,2.07942238267148,1.0,1,7,1.499097201242322,0.313069535229927,0.275,0.0,1.0,0.3377491513239537,27.09386281588448,8.0,0,1566,103.61606178242808,22.31768953068592,10.0,0,570,48.34065574173504,119.16606498194946,39.0,1,7156,474.4617253733351
junit-team_junit-framework,4.716276477146042,3.0,0,75,5.52060209758493,1.298216276477146,1.0,1,23,0.9745733962912692,0.1505344603609687,0.0,0.0,1.0,0.2971556685318848,4.909420289855072,2.0,0,291,11.205428530222154,7.006967670011148,2.0,0,285,14.382861066117544,28.82190635451505,10.0,1,1573,68.01510843768834
DroidPluginTeam_DroidPlugin,3.302798982188296,2.0,0,72,5.186205839457386,4.388040712468193,3.0,1,129,8.038652450900328,0.1054679681841432,0.0,0.0,1.0,0.2434894503585691,5.400763358778626,1.0,0,286,18.06374979735332,3.701017811704834,0.0,0,155,10.171944630279196,28.372773536895675,5.0,2,1373,96.90981937951544
logisim-evolution_logisim-evolution,6.04905467552376,4.0,0,67,6.432172885758368,2.423096576392437,2.0,1,30,2.5331822452604937,0.416746012177411,0.5,0.0,1.0,0.3614549715839982,19.26877874297394,8.0,0,511,32.128708298387934,16.57485947879407,9.0,0,303,22.55178411596444,86.20643842616249,37.0,1,1722,134.21224492028227
alibaba_jvm-sandbox,3.4827586206896552,2.0,0,35,4.403240503843657,1.326436781609195,1.0,1,9,0.8281426347730133,0.1605124368213457,0.0,0.0,0.9930556,0.2863705071166871,6.432183908045977,3.0,0,84,9.8795452032126,6.110344827586207,2.0,0,90,10.59026414124222,33.11954022988506,12.0,1,450,58.35276844367867
macrozheng_springcloud-learning,4.884444444444444,3.0,0,39,5.010255355783649,1.022222222222222,1.0,1,2,0.1477342100713197,0.1316208405555555,0.0,0.0,1.0,0.275875666191386,4.515555555555555,1.0,0,140,13.51721712225408,4.213333333333333,1.0,0,71,8.68901194448647,25.026666666666667,6.0,2,664,80.53248678993732
CeuiLiSA_Pixiv-Shaft,4.878759398496241,3.0,0,74,6.044469881243098,1.443609022556391,1.0,1,6,1.109531331462554,0.1828136700959693,0.0,0.0,1.0,0.3120789949569261,6.485902255639098,2.0,0,136,12.099998388073354,7.897556390977444,4.0,0,137,13.953013264508996,35.75281954887218,12.0,1,890,71.22233411179677
smuyyh_BookReader,4.782546494992847,2.0,0,75,6.529955996117472,1.4377682403433476,1.0,1,6,0.8136046983863217,0.2034021955643879,0.0,0.0,1.0,0.3369923452079378,8.278969957081545,2.0,0,751,31.760624214795005,7.995708154506437,2.0,0,243,17.355006673156478,44.22603719599428,13.0,1,3008,138.74814997152254
rabbitmq_rabbitmq-tutorials,4.588235294117647,4.0,1,17,2.6621530428450977,1.0,1.0,1,1,0.0,0.107151834117647,0.0,0.0,0.75,0.226497947207673,4.745098039215686,3.0,0,52,7.855808391896794,10.352941176470589,9.0,0,74,12.617168508681756,31.09803921568628,21.0,5,338,51.81669804299026
vespa-engine_vespa,6.093651350403367,4.0,0,173,7.379325178565343,1.6210978603998596,1.0,1,67,1.5326481160798824,0.2570519461501634,0.0,0.0,1.0,0.3257842295078966,10.72685022799018,5.0,0,448,18.6532540475234,13.04200280603297,6.0,0,494,21.36383983756422,53.37960364784286,23.0,1,2198,94.32834878514058
getActivity_AndroidProject,7.915531335149864,5.0,0,49,8.572478117170705,2.253405994550409,1.0,1,12,1.7473111603266942,0.2425688203296703,0.0,0.0,0.95,0.3404572467095798,11.010899182561309,3.0,0,141,17.601691765691108,11.53133514986376,3.0,0,125,18.59441934361397,59.05722070844686,21.0,2,851,95.58676712902226
Meituan-Dianping_walle,3.148936170212766,2.0,0,22,4.079736041452309,1.1914893617021276,1.0,1,6,0.7225491871440995,0.3084084764044943,0.25,0.0,1.0,0.343370445739525,9.106382978723405,4.0,0,90,15.296684639817538,7.946808510638298,2.0,0,97,16.483531710827695,49.2872340425532,21.0,2,587,91.45074734586194
hongyangAndroid_okhttputils,3.7285714285714286,2.5,0,25,4.050125883072903,1.457142857142857,1.0,1,4,0.6524361101646587,0.2263604063235293,0.0,0.0,1.0,0.3184906304589104,6.1,3.0,0,39,8.043631020876083,6.357142857142857,2.0,0,49,9.795053046420657,28.01428571428572,12.0,3,163,37.06808966242436
iflytek_astron-rpa,5.561475409836065,3.0,0,102,8.578943302056933,1.1383196721311477,1.0,1,4,0.4252623253913116,0.268582852867012,0.0,0.0,1.0,0.3634650126747465,9.853483606557376,1.0,0,390,29.79258293784628,8.220286885245901,0.0,0,295,25.96837600087346,40.829918032786885,11.0,2,1475,117.76538068808108
raphw_byte-buddy,6.134775641025641,4.0,0,161,8.05681513907758,1.6309294871794873,1.0,1,43,2.0140168623769044,0.1732988765289713,0.0,0.0,1.0,0.2749932039914643,5.065224358974359,3.0,0,243,10.120166394935374,5.25448717948718,1.0,0,183,11.471071892393942,46.790705128205126,13.0,1,5383,187.4481370430926
zo0r_react-native-push-notification,6.310344827586207,4.0,1,35,6.876998142232981,1.2413793103448276,1.0,1,2,0.4354941703556926,0.2403321,0.0,0.0,0.8563218,0.3445240529401918,14.413793103448276,3.0,1,180,34.428515217745336,14.551724137931034,7.0,0,161,30.62163824918646,64.96551724137932,21.0,3,651,129.43875627344295
Angel-ML_angel,7.427760577915377,5.0,0,180,9.979131205592738,1.7466460268317854,2.0,1,10,0.8760577202191673,0.2816170111704901,0.16666667,0.0,1.0,0.3139388816841117,26.043343653250773,8.0,0,2957,136.45085756516912,11.966460268317851,7.0,0,337,20.18452332576121,106.8844169246646,34.0,1,10799,500.0845897002311
guardianproject_haven,6.822784810126582,4.0,0,34,7.328832232286198,1.3924050632911391,1.0,1,3,0.5865527610645915,0.2977247232051282,0.0,0.0,0.9617181,0.3494367461580708,11.873417721518988,5.0,0,129,19.08373390371725,15.113924050632912,7.0,0,143,23.807985808349432,57.734177215189874,24.0,2,603,90.76946126861078
648540858_wvp-GB28181-pro,8.271464646464647,5.0,0,101,10.196218722344764,1.289141414141414,1.0,1,4,0.5283213118436425,0.3504277744036312,0.333333355,0.0,1.0,0.343185839035945,14.406565656565656,5.0,0,326,28.53048773753838,14.195707070707073,3.0,0,258,28.2281356581661,62.96338383838384,23.0,1,1441,125.19371557665296
527515025_springBoot,5.087121212121212,4.0,0,32,4.428990311478239,1.1477272727272727,1.0,1,4,0.4147409121323046,0.2498628713026819,0.0,0.0,1.0,0.3419987633708134,4.931818181818182,3.0,0,45,5.914078301555579,4.609848484848484,2.0,0,47,6.4844987417169335,23.674242424242426,14.5,2,537,39.09032072430258
fuzhengwei_itstack-demo-design,2.167441860465116,2.0,0,14,2.2815514612215373,1.1069767441860463,1.0,1,3,0.3245380245259127,0.1795577610798122,0.0,0.0,1.0,0.2923038577886347,4.376744186046512,3.0,0,31,4.27363342147748,3.3348837209302324,1.0,0,42,5.8132495987727,18.56744186046512,14.0,1,152,18.742072728338087
gzu-liyujiang_AndroidPicker,5.435146443514644,3.0,0,39,6.866905401226127,1.6443514644351465,1.0,1,6,1.264861028798111,0.2498383601687764,0.0,0.0,1.0,0.3494712440194411,13.418410041841003,3.0,0,234,27.88980107824544,10.702928870292888,4.0,0,154,19.931806846314384,56.65690376569037,12.0,1,1007,114.1539183930657
Suwayomi_Suwayomi-Server,5.548543689320389,2.0,0,132,10.41405903628481,1.6189320388349515,1.0,1,17,1.4692073190062809,0.3540478728822055,0.0,0.0,1.0,0.4063183333647394,26.33980582524272,5.0,0,934,68.87186924072553,9.483009708737864,1.0,0,185,21.48517743268075,100.68203883495146,18.0,1,3386,259.00450139860146
Meituan-Dianping_Leaf,3.475,1.5,0,14,4.2486045974697415,1.425,1.0,1,4,1.0349656255904571,0.2673030746153846,0.0,0.0,0.9,0.3244047967395852,6.3,3.0,0,41,8.864217899756243,7.2,1.0,0,66,13.958179294978596,32.625,9.5,1,250,52.0284377368121
markzhai_AndroidPerformanceMonitor,4.074074074074074,3.0,0,21,3.942280978718313,1.2777777777777777,1.0,1,3,0.5290313921087083,0.3514218377777777,0.16666667,0.0,1.0,0.3746789147214462,8.444444444444445,4.0,0,37,9.642020195950613,8.777777777777779,4.0,0,49,9.94450007597196,41.37037037037037,19.5,1,318,54.33067735402376
getActivity_XXPermissions,7.422360248447205,5.0,0,45,7.169065273409772,1.670807453416149,1.0,1,4,0.9472090418403424,0.3255043798026315,0.0,0.0,1.0,0.425756691316303,13.869565217391305,4.0,0,309,29.63193598863872,8.546583850931677,3.0,0,115,14.22319861641493,53.57142857142857,16.0,2,1192,115.5823145146844
quartz-scheduler_quartz,5.57905138339921,3.0,0,49,6.402248668181806,1.4545454545454546,1.0,1,7,0.848358397846759,0.3357172908625497,0.0,0.0,1.0,0.3831191040840072,15.527667984189724,4.0,0,489,40.64256444723885,13.891304347826088,5.0,0,286,27.73599090644923,69.94861660079052,24.5,1,2094,178.7604773030302
zouzg_mybatis-generator-gui,7.17948717948718,5.0,0,36,7.813186542033972,1.4871794871794872,1.0,1,4,0.683327573129996,0.4305159923076924,0.5714286,0.0,1.0,0.3894870918129417,15.256410256410255,7.0,0,59,18.124885406124783,22.94871794871795,9.0,0,177,35.08482106788806,78.12820512820512,40.0,2,464,93.14707653891392
jOOQ_jOOQ,9.806346381969158,7.0,0,681,18.02836145430888,1.8217674970344009,1.0,1,156,3.078421383741333,0.253017513530175,0.0,0.0,1.0,0.353139487291628,23.311091340450773,5.0,0,4255,113.18248754359954,12.08511269276394,2.0,0,1580,44.12136579039773,67.6408659549229,15.0,1,8018,299.04576911025583
apache_storm,5.362525458248473,3.0,0,159,6.786454204113388,1.2219959266802445,1.0,1,31,0.7521241981211813,0.2648441512376621,0.0,0.0,1.0,0.3379340643638289,13.518443086671192,5.0,0,829,33.70214527887608,11.789545145960624,5.0,0,897,25.499714965634368,82.19144602851324,27.0,1,45902,713.4538541490608
hongyangAndroid_AndroidAutoLayout,5.833333333333333,5.0,0,30,4.652653667229719,2.0,2.0,1,4,0.7025001733142089,0.2700204582894736,0.0,0.0,0.85714287,0.3426097489069666,6.884615384615385,5.5,0,44,6.903755366598541,5.141025641025641,3.0,0,30,6.8142790472946535,30.384615384615383,27.0,2,132,25.34654912305721
yanzhenjie_AndPermission,3.994047619047619,3.0,0,27,3.666480346252435,1.1666666666666667,1.0,1,2,0.3737921332535444,0.1466465807784431,0.0,0.0,0.93333334,0.2687587669894655,5.7023809523809526,3.0,0,54,8.849073515433759,4.571428571428571,1.5,0,51,7.057141818156555,26.70238095238096,13.0,3,514,50.89693231274375
JesusFreke_smali,6.018229166666667,4.0,0,123,8.343755745287089,1.6666666666666667,1.0,1,26,1.2491526232936847,0.212970399717524,0.0,0.0,1.0,0.3154503868354208,8.702256944444445,4.0,0,518,21.7412889199938,5.821180555555555,2.0,0,246,13.372208273954586,40.592013888888886,17.0,2,1498,89.21011739016957
apache_zeppelin,5.588793922127255,3.0,0,67,7.1057133192304445,1.2568850902184237,1.0,1,8,0.6603911481082125,0.2676295664700814,0.0,0.0,1.0,0.3433368170644525,13.541785375118709,5.0,0,313,26.321841610904503,13.45346628679962,6.0,0,294,23.126132915137404,90.47198480531814,30.0,1,20211,585.0176109768136
pig-mesh_pig,6.955613577023499,5.0,0,40,6.4597516345544825,1.308093994778068,1.0,1,5,0.5825672300509941,0.1891416358823529,0.0,0.0,1.0,0.3225249619810136,3.83289817232376,2.0,0,61,6.12250707533358,7.806788511749347,1.0,0,130,14.40419717318,20.01827676240209,12.0,1,296,27.956064635464333
GrenderG_Toasty,4.0625,3.0,1,18,4.186784764788688,1.0625,1.0,1,2,0.25,0.1070245693749999,0.0,0.0,0.96239305,0.2950064787412687,5.8125,1.0,1,60,14.761295110298873,5.625,2.5,0,40,9.583840566286565,30.4375,5.5,5,262,65.42269611279151
hazelcast_hazelcast,7.921241753063148,5.0,0,398,15.752006114328816,1.7620169651272384,1.0,1,580,4.736338689845323,0.2936315658415297,0.0,0.0,1.0,0.3440325067810935,12.495935438265787,5.0,0,1095,52.36179999153181,11.509778510838832,5.0,0,758,22.052549873461,66.7823397737983,23.0,1,6751,319.9978214897738
NLPchina_ansj_seg,6.31651376146789,4.0,0,25,5.863721373251608,1.188073394495413,1.0,1,4,0.43620161293029,0.2541488304357798,0.0,0.0,1.0,0.3220150336182934,12.958715596330276,5.0,0,176,22.28746299240081,12.146788990825687,7.5,0,96,13.42899105300967,55.642201834862384,28.0,1,409,69.71000138966498
ximsfei_Android-skin-support,6.079012345679012,5.0,0,33,5.036862041007699,1.3925925925925926,1.0,1,7,0.7321773066415239,0.3038844573566084,0.25,0.0,1.0,0.3257070587744244,10.498765432098766,5.0,0,141,17.749999956959705,9.125925925925928,5.0,0,74,10.922156808567394,47.84444444444444,23.0,3,513,75.02559299306068
freeok_so-novel,5.857142857142857,4.5,0,24,5.278149678394761,1.1785714285714286,1.0,1,4,0.4698298663029243,0.2671440152941176,0.0,0.0,1.0,0.3396949220763133,7.452380952380952,4.0,0,43,8.664294216078154,19.70238095238096,15.0,0,104,22.51306435276908,38.07142857142857,28.5,2,166,34.95531940293353
nayuki_QR-Code-generator,3.947368421052632,3.0,0,11,3.658683494411712,1.4210526315789471,1.0,1,5,1.261207070569223,0.3915461747368421,0.25,0.0,0.9,0.3793622224432023,35.68421052631579,22.0,1,172,44.05432584583488,15.210526315789474,10.0,0,44,15.389675281277311,95.94736842105264,60.0,7,409,103.2356924088491
processing_processing,3.675704989154013,2.0,0,58,5.877323117447315,1.6247288503253796,1.0,1,28,1.9660959574802488,0.2258929761462882,0.0,0.0,1.0,0.3460087366160428,26.044468546637745,3.0,0,1666,93.21367684704812,17.15835140997831,3.0,0,745,46.460692651592446,119.31453362255964,14.0,1,9230,455.3942020334211
hibernate_hibernate-orm,6.92077112077112,5.0,0,448,9.17737218861655,1.3412965412965412,1.0,1,29,0.938886995289314,0.3037007855502504,0.16666667,0.0,1.0,0.3310267542280286,7.76046116046116,4.0,0,1546,24.855296833673545,7.347571347571348,1.0,0,985,20.737080361213515,41.64762804762805,19.0,1,6336,104.89295597885136
Javen205_IJPay,5.589743589743589,5.0,0,152,10.493704569682569,1.36996336996337,1.0,1,3,0.5804210554368991,0.3722818611111111,0.375,0.0,1.0,0.3559239774003355,9.428571428571429,3.0,0,214,23.237176819799387,8.728937728937728,0.0,0,132,21.98913011814532,51.78021978021978,20.0,2,1072,112.42188159004294
jetlinks_jetlinks-community,7.910608508346796,6.0,0,87,7.5174782336726595,1.267635971997846,1.0,1,5,0.5353781906908304,0.3460989776717827,0.2,0.0,1.0,0.3749656853319812,6.759289176090468,3.0,0,108,10.241412568147464,12.35433494884222,5.0,0,212,20.038390519551264,32.92407108239095,16.0,1,717,52.43874861868102
gephi_gephi,4.617918842908798,3.0,0,51,5.112388050944786,1.6689433507432705,1.0,1,20,1.6594280627926552,0.2481179882768109,0.0,0.0,1.0,0.337165570463903,10.590598633989554,5.0,0,348,20.546158331662024,11.30052229811169,4.0,0,255,18.934873249331577,54.465247087183606,19.0,1,1583,103.97608872851566
ArthurHub_Android-Image-Cropper,7.725,4.0,0,44,9.418986553356348,1.375,1.0,1,3,0.5400617248673217,0.3146275715384615,0.0,0.0,1.0,0.387819446136033,26.75,4.5,0,235,48.90008127516711,18.175,2.0,0,145,30.99618462873232,116.375,21.0,1,946,200.41005239898547
wxiaoqi_Spring-Cloud-Platform,4.790960451977401,3.0,0,29,5.024522555745948,1.4067796610169492,1.0,1,5,0.8281683801906541,0.3053962062424242,0.0,0.0,1.0,0.3709522042713554,8.192090395480227,4.0,0,71,11.74914622781976,6.497175141242938,1.0,0,103,12.747158459555404,33.9774011299435,17.0,2,232,45.1269616549519
vinc3m1_RoundedImageView,8.4,9.0,0,21,6.434283176858164,1.8,2.0,1,3,0.7745966692414834,0.234915296,0.0,0.0,0.9407406,0.373441218430896,17.266666666666666,3.0,0,111,36.234290520497424,14.2,9.0,0,72,20.022130613042016,84.33333333333333,35.0,1,461,139.62432589256204
AsyncHttpClient_async-http-client,6.074074074074074,4.0,0,60,6.943124851203106,1.4932659932659933,1.0,1,7,0.8279203145062419,0.2101875842929293,0.0,0.0,1.0,0.3262524700677746,10.114478114478114,4.0,0,142,17.183476488467218,12.80976430976431,6.0,0,196,19.91319710220766,56.4006734006734,21.5,1,983,100.2429144041976
graphhopper_graphhopper,6.767741935483871,4.0,0,106,8.671708496872588,1.2616487455197132,1.0,1,8,0.6857319225798996,0.3026975187964471,0.0952381,0.0,1.0,0.3403939123421166,13.318279569892471,5.0,0,339,22.24960599446364,14.655197132616488,5.0,0,465,25.937724085160703,74.2179211469534,27.0,1,3150,169.3479683929856
micronaut-projects_micronaut-core,5.702629543696829,4.0,0,164,7.146079768006159,1.3105181747873162,1.0,1,15,0.906295031894632,0.2140064092421217,0.0,0.0,1.0,0.322795559881724,8.164346481051817,3.0,0,602,22.62087925354928,7.817092034029389,2.0,0,590,20.93242698611292,35.6637664346481,12.0,1,2715,94.26530561016172
apache_flink-cdc,8.432470588235294,5.0,0,78,9.345521690787574,1.4541176470588235,1.0,1,16,0.8826578993700003,0.407745073626253,0.45,0.0,1.0,0.3809262158766119,12.222588235294118,5.0,0,198,19.064264839297,18.126117647058823,5.0,0,220,27.570831571014068,62.84329411764706,30.0,1,776,93.28966093089473
aa112901_remusic,5.190532544378698,3.0,0,62,6.431034450222353,1.4532544378698224,1.0,1,7,0.8082832065907987,0.2471177823357843,0.0,0.0,1.0,0.3422463880025533,9.64378698224852,3.0,0,547,29.489410499590143,10.00473372781065,4.0,0,272,18.255622423711536,56.55147928994083,17.0,1,2715,146.2814069272631
joelittlejohn_jsonschema2pojo,6.636704119850188,5.0,0,46,5.886699772293327,1.1610486891385767,1.0,1,4,0.4983993415279491,0.2536841098464419,0.07692308,0.0,1.0,0.2968062099171104,10.254681647940076,5.0,0,107,14.960182948895923,14.790262172284644,11.0,0,133,17.717101746389265,51.58426966292135,28.0,2,407,63.09227202455339
DerekYRC_mini-spring,3.423841059602649,2.0,0,19,3.56358824051024,1.218543046357616,1.0,1,5,0.6622591611053721,0.122722535231788,0.0,0.0,0.9166667,0.2510229960003792,3.841059602649007,2.0,0,55,5.966677149225564,3.8211920529801326,1.0,0,48,6.5300189818154255,16.6158940397351,8.0,2,190,23.25506709720194
wasabeef_richeditor-android,2.4186046511627906,2.0,0,17,2.602494756771946,1.1395348837209305,1.0,1,3,0.4129680806780528,0.0227107558139534,0.0,0.0,0.9765625,0.1489243850904342,3.209302325581396,1.0,0,81,12.238810515527826,2.441860465116279,1.0,0,38,6.173300134571057,18.69767441860465,5.0,1,343,59.297689220102434
sshahine_JFoenix,6.92,4.0,0,39,6.938965721418349,1.623529411764706,1.0,1,12,0.9612353317112712,0.2804156573869347,0.0,0.0,1.0,0.3573201302619796,10.362352941176471,3.0,0,191,17.497317695180655,15.957647058823529,6.0,0,162,23.061507055224247,57.75529411764706,21.0,1,999,99.30442700648076
amitshekhariitbhu_from-java-to-kotlin,0.5,0.5,0,1,0.7071067811865476,1.0,1.0,1,1,0.0,0.125,0.125,0.0,0.25,0.1767766952966369,7.0,7.0,0,14,9.899494936611664,1.5,1.5,0,3,2.1213203435596424,18.5,18.5,2,35,23.33452377915607
apache_iotdb,8.348854878975361,6.0,0,532,14.7055289418989,1.6123955280581788,1.0,1,21,1.0288323098053909,0.3349304586312794,0.2857143,0.0,1.0,0.3417746184699098,18.40421144035602,8.0,0,1134,42.93199228337145,17.926191251492455,9.0,0,756,32.6532723170995,88.39357429718875,35.0,1,5655,217.979410330939
lightbend_config,5.485,3.0,0,40,7.157227432645484,2.055,1.0,1,60,4.373512668934049,0.3022788833505154,0.125,0.0,1.0,0.3566852233974038,16.065,5.0,0,237,30.937622036711748,9.705,2.0,0,149,20.184276058357906,66.185,17.0,1,776,125.6713460222945
koush_ion,4.536332179930795,3.0,0,66,6.110063565803734,1.4602076124567474,1.0,1,23,1.4646202431850397,0.1271646612932862,0.0,0.0,1.0,0.2707361227810884,6.671280276816609,2.0,0,146,17.29018785105137,6.71280276816609,3.0,0,93,11.001446027075668,32.674740484429066,11.0,1,706,72.2038353476331
loks666_get_jobs,5.225,2.0,0,27,6.720672360321541,1.0,1.0,1,1,0.0,0.3455682859740259,0.25,0.0,1.0,0.3644968977887825,20.641666666666666,0.0,0,314,57.16154255072821,17.183333333333334,0.0,0,199,38.905829710136935,81.58333333333333,9.5,1,1235,196.24442756455548
apache_incubator-kie-drools,6.569943843768335,4.0,0,239,8.956139665530989,1.6199815606403487,1.0,1,28,1.319242981760374,0.2881723919093956,0.0,0.0,1.0,0.347339295414269,13.170564076774788,5.0,0,5472,95.21687245357856,10.919621154974436,3.0,0,381,21.66779184436037,64.48244070069566,21.0,1,36821,425.9284145717347
graphql-java_graphql-java,8.343864805290227,5.0,0,169,10.784897912983398,1.366642174871418,1.0,1,16,0.937787428385356,0.2849349643946188,0.0,0.0,1.0,0.3392681386939016,10.461425422483469,4.0,0,588,25.018408293792632,11.419544452608376,3.0,0,363,26.03531877307926,53.734019103600296,21.0,1,2324,114.35593851100164
auth0_java-jwt,5.662790697674419,3.5,0,20,5.482829808467369,1.627906976744186,1.0,1,6,1.3199510831213046,0.3104796888372093,0.0,0.0,0.94473684,0.3560640548438633,16.3953488372093,6.0,0,102,22.55152483159004,14.755813953488373,5.5,0,87,21.2613629392748,103.76744186046513,32.5,2,948,175.51320878187016
ityouknow_spring-cloud-examples,3.8333333333333335,4.0,2,6,1.076193333186691,1.0166666666666666,1.0,1,2,0.1290994448735806,0.031944445,0.0,0.0,0.75,0.1423601088495333,1.3,1.0,1,6,0.9794498628813552,1.25,1.0,0,13,2.1988055308989614,6.5,5.0,3,37,5.849815294780754
apache_camel,4.854171796995679,3.0,0,606,8.114282993541408,1.6259374510286777,1.0,1,472,2.3876041260311087,0.1962919814283329,0.0,0.0,1.0,0.3259424934094017,9.748125097942644,2.0,0,1045,32.97051523675505,9.397770265732388,4.0,0,948,18.62547958308657,46.09243546978889,18.0,1,17191,139.3809259587999
Vedenin_useful-java-links,2.304182509505704,2.0,0,13,2.489416835386071,1.0228136882129275,1.0,1,2,0.149593825018526,0.0485880525287356,0.0,0.0,1.0,0.1570108070777881,2.7376425855513307,2.0,0,24,3.578400714466458,6.494296577946768,3.0,0,49,9.4229987943392,22.688212927756656,15.0,1,144,24.97055009376092
google_grafika,6.407766990291262,5.0,0,30,6.280122537214468,1.7475728155339805,2.0,1,5,0.8599868512668082,0.4490530070873786,0.5833333,0.0,0.8653846,0.3286984096727042,13.41747572815534,9.0,0,59,13.123489098353424,15.524271844660197,11.0,0,79,15.82554689461351,97.4271844660194,60.0,1,660,114.40601947876448
alipay_SoloPi,4.623076923076923,2.0,0,84,6.674823868270634,1.205982905982906,1.0,1,7,0.649641685576834,0.1765506393679163,0.0,0.0,1.0,0.3131488455404055,8.371794871794872,2.0,0,251,18.65758420706636,9.118803418803418,3.0,0,208,17.20202721270103,48.14273504273504,13.0,1,1320,113.16806265387494
apache_hudi,9.282082570673175,6.0,0,116,10.365569291852609,1.570469798657718,1.0,1,29,1.0537654030028336,0.3045071937465467,0.0,0.0,1.0,0.3549955736751762,12.222290014236323,5.0,0,384,22.76780786689756,21.5230831808013,8.0,0,570,36.501085703557386,68.59243441122636,26.0,1,2849,134.8010552603364
vavr-io_vavr,8.690066225165562,6.0,0,199,11.37120680315263,1.2344370860927152,1.0,1,10,0.8427445341361947,0.273035323997344,0.0,0.0,1.0,0.3958441861787579,19.85960264900662,3.0,0,706,52.70174220214772,21.86092715231788,7.0,0,485,47.46083681278162,94.37615894039736,20.0,1,3967,251.50450521158737
LandGrey_SpringBootVulExploit,3.4285714285714284,3.0,0,11,2.953857600710421,1.0,1.0,1,1,0.0,0.17261905,0.0,0.0,0.75,0.2950160919950293,4.142857142857143,2.0,0,13,4.054572781386523,4.571428571428571,1.5,0,22,6.369570517030845,18.428571428571427,8.5,2,71,19.337943115958428
obsidiandynamics_kafdrop,5.54,3.0,0,50,7.557750720921931,1.32,1.0,1,4,0.851380340886777,0.3179963639795918,0.15476191,0.0,1.0,0.3450868797281041,8.2,3.0,0,89,14.709304414677003,9.54,3.0,0,156,21.750848120001987,42.0,17.0,1,732,90.00819266863849
google_google-java-format,6.298701298701299,4.0,0,122,11.035373823597196,1.4610389610389611,1.0,1,6,0.8791939035507148,0.3098293474025974,0.0,0.0,1.0,0.3540431007334685,16.441558441558442,5.0,0,636,54.04161879756442,16.649350649350648,6.0,0,484,42.4779115945193,79.05194805194805,28.0,1,2999,254.4974489697844
ikew0ng_SwipeBackLayout,5.0,3.0,0,18,5.656854249492381,1.3888888888888888,1.0,1,3,0.6978023391872252,0.2665136855555555,0.0,0.0,0.90709656,0.3558079156166788,24.61111111111111,8.0,1,210,50.10241145880035,14.833333333333334,6.0,0,98,25.30577706653516,90.83333333333331,25.0,3,747,183.55837346900915
rengwuxian_MaterialEditText,5.653846153846154,2.0,0,34,10.5865662334576,1.3076923076923077,1.0,1,2,0.4706787243316417,0.1216950788461538,0.0,0.0,0.97135735,0.3167366923232865,37.11538461538461,4.0,1,294,94.39929106643838,19.03846153846154,4.0,0,137,43.60411060368576,130.19230769230768,16.0,3,1020,327.26161024241986
daimajia_NumberProgressBar,3.1666666666666665,0.5,0,12,4.915960401250875,1.3333333333333333,1.0,1,2,0.5163977794943223,0.2555944083333333,0.0,0.0,0.93356645,0.4097744030897982,12.0,1.0,0,62,24.625190354594217,13.833333333333334,1.0,0,65,25.825697796316494,63.333333333333336,7.5,1,318,125.73092963414638
javaparser_javaparser,8.549335863377609,5.0,0,369,16.943831789883802,1.9369070208728647,1.0,1,27,2.284946780795127,0.1835727539256723,0.0,0.0,1.0,0.3018897228379621,17.462049335863377,4.0,0,3483,117.01200041481162,12.891366223908918,5.0,0,691,34.05096910296539,68.93074003795067,19.0,1,9481,324.5356990769151
apache_pinot,7.401486988847584,5.0,0,127,8.450013167227683,1.5221720658523632,1.0,1,32,1.3036672004641934,0.3444800159701391,0.29166666,0.0,1.0,0.355916445723476,15.571826872012746,7.0,0,769,28.862087056702173,16.627588953797133,7.0,0,610,27.72119282315177,83.1621083377589,34.0,1,3016,156.77800417377668
ZhongFuCheng3y_austin,6.267241379310345,5.0,0,33,5.076971388297474,1.1235632183908046,1.0,1,4,0.3784039803712345,0.2895541982211538,0.0,0.0,1.0,0.3527457524420622,3.2413793103448274,1.0,0,53,5.881079940117214,7.925287356321839,0.0,0,111,15.636362839761349,18.78735632183908,10.0,2,240,25.25011851872868
apache_nifi,7.410229445506692,4.0,0,428,11.20871153222242,1.484225621414914,1.0,1,8,0.8592726468067003,0.3356963874863172,0.26969698,0.0,1.0,0.3477734881354224,11.754206500956023,5.0,0,961,26.9877874185691,16.452294455066923,6.0,0,1318,34.37791466655903,64.99292543021032,25.0,1,5011,145.67016728262843
jeequan_jeepay,8.776363636363635,7.0,0,34,7.421660408498627,1.7836363636363637,2.0,1,4,0.8633951781472693,0.277451653815261,0.0,0.0,1.0,0.3481960993649421,6.267272727272728,3.0,0,70,9.152792372455542,12.161818181818182,4.0,0,110,16.87609394318686,31.21454545454545,17.0,1,349,39.41601672626656
singwhatiwanna_dynamic-load-apk,5.82258064516129,3.0,0,26,6.271256818497682,1.435483870967742,1.0,1,4,0.738207126781279,0.3314442911864407,0.0,0.0,1.0,0.3671704375872163,9.17741935483871,2.0,0,93,17.42668407417942,9.096774193548388,2.0,0,51,13.433149207103549,42.25806451612903,13.0,2,304,65.37757561208433
00-Evan_shattered-pixel-dungeon,6.3409337676438655,4.0,0,191,9.240585956333817,2.84509591024249,2.0,1,92,2.909054819961431,0.2086326513482077,0.0,0.0,1.0,0.3237503223453132,12.899384726746293,6.0,0,650,28.59882588087623,11.137169743032937,7.0,0,377,16.954009997182762,59.526601520086864,26.0,1,1886,109.8854099916485
robolectric_robolectric,5.937959784207945,4.0,0,105,6.716723475921883,1.353604708190289,1.0,1,47,1.180549379973245,0.2246162215565042,0.0,0.0,1.0,0.3259358972144299,10.74055909759686,3.0,0,580,26.15808955438942,10.25747915644924,2.0,0,316,20.41189570112836,56.20304070622854,15.0,1,2950,132.42366091691852
pedrovgs_EffectiveAndroidUI,4.438356164383562,3.0,0,20,4.6487343001732535,1.3424657534246576,1.0,1,3,0.6284720908280429,0.2354246461643836,0.0,0.0,0.8947369,0.3236584679216778,5.534246575342466,3.0,1,24,5.512818879113635,4.753424657534247,1.0,0,35,7.443828207757469,26.34246575342466,11.0,3,319,42.712611713534585
apache_hive,6.899286857808179,4.0,0,859,12.663590729060775,1.4054722747780526,1.0,1,47,1.1592794795359127,0.2830637547343352,0.0,0.0,1.0,0.3569824007144203,16.856304274001843,6.0,0,2681,46.910824752986535,13.8904574782904,5.0,0,1605,32.54330934263454,98.26284383641392,31.0,1,256373,1809.6474179278373
opengoofy_hippo4j,4.58457711442786,3.0,0,61,4.886671952062823,1.1981757877280266,1.0,1,5,0.5844712379528972,0.2240398996299902,0.0,0.0,1.0,0.3183009469867371,5.0306799336650085,2.0,0,97,7.9742253278171376,7.61608623548922,2.0,0,112,12.991578757473798,25.970149253731343,12.0,1,543,36.89009048841254
WeiYe-Jing_datax-web,5.041009463722397,3.0,0,35,5.419861177215696,1.38801261829653,1.0,1,5,0.6826846853321892,0.2704115601779359,0.0,0.0,1.0,0.3332508172182585,10.372239747634069,5.0,0,355,24.835412377134773,11.04416403785489,3.0,0,118,18.32351516282761,43.53627760252366,21.0,1,1171,87.54327741338636
btraceio_btrace,4.735164835164835,4.0,0,42,5.369429697400808,1.3285714285714283,1.0,1,9,0.8729885841462431,0.1926597481485587,0.0,0.0,1.0,0.3091554369231267,12.932967032967031,3.0,0,360,33.75852434400088,9.978021978021978,2.0,0,285,22.70268833617036,58.54395604395605,13.0,1,2085,162.06310734096817
google_physical-web,4.788461538461538,3.0,0,34,5.5683548452287175,1.2884615384615383,1.0,1,3,0.5565981394451,0.2470632588461538,0.0,0.0,0.97515255,0.3393546114549995,8.493589743589743,3.0,0,116,14.432712303997423,10.724358974358974,5.0,0,109,17.25915323977909,47.95512820512821,14.5,1,562,78.31906149135524
rey5137_material,6.511475409836065,3.0,0,66,7.982342733394351,1.6459016393442625,1.0,1,9,1.194501350830321,0.3093785597377049,0.0,0.0,0.96904963,0.378664696172857,20.25901639344262,4.0,1,521,45.06386322505182,16.098360655737704,5.0,0,345,30.658939259443343,89.65901639344263,15.0,3,1635,182.38042710175569
youtube_api-samples,6.404761904761905,7.0,0,16,4.412065075971899,1.0,1.0,1,1,0.0,0.2823361945238095,0.0,0.0,0.8333334,0.3138132506120495,8.785714285714286,6.0,0,28,7.422890483894297,25.30952380952381,29.5,0,61,17.529749062857015,60.5,51.0,1,269,53.76337043006139
wyouflf_xUtils3,5.224770642201835,3.0,0,33,5.356414922569816,1.408256880733945,1.0,1,6,0.8816227643868755,0.2995445574074074,0.0,0.0,1.0,0.3698265857025568,14.036697247706424,6.5,0,118,21.362970937826205,10.114678899082568,3.0,0,110,16.207771508436654,57.61926605504587,23.0,1,509,88.13791557366685
JSQLParser_JSqlParser,6.2015945330296125,4.0,0,186,13.46456635229956,1.560364464692483,1.0,1,18,1.043140532392808,0.2466955963591789,0.0,0.0,1.0,0.3281766470331177,14.43621867881549,6.0,0,693,38.72815422383262,9.854214123006834,4.0,0,178,17.54438383397189,58.39749430523918,24.0,1,3560,167.572011016961
springfox_springfox,5.702464788732394,3.0,0,78,7.651289551763576,1.1205985915492958,1.0,1,4,0.3965467601713823,0.2661329184765278,0.0,0.0,1.0,0.3205404957309686,6.645246478873239,4.0,0,83,8.59587209256313,7.939260563380282,0.0,0,205,16.79334903429192,28.27024647887324,16.0,1,603,40.870635434505445
journeyapps_zxing-android-embedded,5.4375,4.0,0,34,5.689903338370521,1.3645833333333333,1.0,1,5,0.6824073743457081,0.3528665024999999,0.36666667,0.0,1.0,0.3565500684347727,11.739583333333334,5.5,0,105,17.31944133757247,9.989583333333334,4.0,0,88,15.59857941687516,53.84375,27.0,1,489,76.80574651266936
liyifeng1994_ssm,3.473684210526316,2.0,0,13,3.84950820888752,1.6842105263157894,1.0,1,4,1.1081832770072813,0.2350462983333333,0.0,0.0,0.625,0.2757566726465498,4.894736842105263,3.0,0,12,4.040004632039496,2.736842105263158,0.0,0,20,4.998245306140034,19.42105263157895,16.0,2,46,15.610949823311998
prolificinteractive_material-calendarview,6.454545454545454,4.0,0,57,7.561105999054941,1.5340909090909092,1.0,1,4,0.7263333143912417,0.2669574954545454,0.0,0.0,1.0,0.3276354196779042,8.818181818181818,3.0,1,223,26.081457479259555,10.420454545454543,4.0,0,202,24.62067236768709,41.56818181818182,15.0,3,981,111.74795073381856
apache_fesod,6.086038961038961,5.0,0,50,5.789314510029711,1.3685064935064934,1.0,1,7,0.7997449044244594,0.2392498733459244,0.0,0.0,1.0,0.3280532201428079,7.508116883116883,4.0,0,155,14.21953079255078,9.482142857142858,3.0,0,141,16.231446121820905,36.23051948051948,15.0,2,501,59.236596936693374
antoniolg_androidmvp,3.2857142857142856,2.0,0,10,3.7709123855878985,1.2857142857142858,1.0,1,2,0.4688072309384954,0.1851851914285714,0.0,0.0,0.625,0.2378816182005775,4.785714285714286,4.0,1,10,3.309161442200947,5.571428571428571,4.5,0,19,6.524678426668135,19.571428571428573,16.0,3,46,15.133835172650947
PBH-BTN_PeerBanHelper,6.440443213296399,4.0,0,62,7.90020444776372,1.3130193905817171,1.0,1,6,0.6757721404096637,0.3464677753488805,0.25,0.0,1.0,0.3665550358342564,8.961218836565097,3.0,0,138,15.892012235123312,13.444598337950138,1.0,0,236,26.260782315864425,42.3421052631579,15.0,1,563,70.67536790349263
weibocom_motan,5.941943127962086,4.0,0,30,5.750667114147231,1.4348341232227488,1.0,1,7,0.8189741845981824,0.2765632722607655,0.0,0.0,1.0,0.3434280238734081,10.887440758293838,5.0,0,155,17.55737271747281,12.265402843601896,6.0,0,145,17.910895501198247,55.57464454976304,23.0,1,1406,95.21559663572329
ikarus23_MifareClassicTool,11.12121212121212,9.0,0,39,10.388568163363445,2.272727272727273,3.0,1,3,0.910793859523358,0.4467558190909091,0.59999996,0.0,0.9701298,0.3777776319602505,54.60606060606061,12.0,0,426,90.52690877369676,43.63636363636363,27.0,0,160,48.186368781675554,210.12121212121207,68.0,1,1125,290.0359630261131
amitshekhariitbhu_Fast-Android-Networking,3.219130434782609,2.0,0,53,4.596315287827567,1.2504347826086957,1.0,1,18,1.1261365852080998,0.06159112425,0.0,0.0,1.0,0.1990141969449538,4.695652173913044,2.0,0,165,9.994923722932471,6.420869565217392,4.0,0,86,9.6962715602116,34.08,11.0,1,1533,95.99595592527308
lets-blade_blade,4.62214983713355,3.0,0,52,5.953570187498881,1.234527687296417,1.0,1,5,0.7735708021865964,0.2561398917730496,0.0,0.0,1.0,0.3437997817952099,11.710097719869706,4.0,0,344,26.47376298264016,12.915309446254073,4.0,0,146,21.61122605620274,49.89902280130293,18.0,1,1164,92.740023681828
ffay_lanproxy,4.238095238095238,3.0,0,17,3.88842071646096,1.1904761904761905,1.0,1,4,0.5034443575988877,0.2890689824590163,0.0,0.0,1.0,0.3622137688657091,7.111111111111111,3.0,0,38,8.420618150459163,10.238095238095235,6.0,0,42,11.844032505476475,42.34920634920635,23.0,2,221,49.84788432762823
JakeWharton_DiskLruCache,3.25,2.5,0,10,2.988614759686865,1.3333333333333333,1.0,1,3,0.7784989441615229,0.4368797725,0.5863095199999999,0.0,1.0,0.4016128924835802,26.666666666666668,11.0,1,108,38.36270284660571,16.083333333333332,6.5,0,71,23.80014642175484,161.41666666666666,43.0,4,865,277.9530563155432
meefik_linuxdeploy,7.162162162162162,5.0,0,38,7.451746676352366,1.648648648648649,2.0,1,2,0.483977514182461,0.2944229956756757,0.0,0.0,0.9,0.3336614839555225,17.91891891891892,7.0,1,103,25.67032265994071,21.5945945945946,12.0,0,108,26.20481238612848,72.78378378378379,29.0,3,369,90.84392450031326
Nightonke_BoomMenu,5.6347826086956525,4.0,0,55,6.749048581138831,1.5739130434782609,1.0,1,5,0.8487438557792992,0.125685843245614,0.0,0.0,0.9834089,0.2803324549103182,16.31304347826087,4.0,0,407,44.3550992375768,10.278260869565218,5.0,0,222,22.585334407137463,67.04347826086956,17.0,1,1434,169.4587043471761
yarolegovich_DiscreteScrollView,4.228571428571429,2.0,0,25,4.818348629611966,1.2476190476190476,1.0,1,3,0.4553306571339198,0.1502416870190476,0.0,0.0,0.9218487,0.2727984255361143,6.895238095238096,2.0,1,152,16.630557954424074,7.228571428571429,2.0,0,100,14.076205470209665,35.21904761904762,11.0,3,580,72.56614766918379
changmingxie_tcc-transaction,5.246628131021194,3.0,0,45,5.637442326362915,1.3082851637764932,1.0,1,6,0.8013916151553107,0.2827678805048543,0.0,0.0,1.0,0.3550091982779889,8.564547206165702,4.0,0,91,12.571002029445054,8.077071290944124,2.0,0,117,13.75565290245796,45.59537572254335,16.0,1,1711,124.78792069875972
houbb_sensitive-word,3.0526315789473686,2.0,0,40,3.594763948585057,1.1710526315789471,1.0,1,4,0.4801291463947111,0.0983470278508771,0.0,0.0,0.96428543,0.2277472158656847,4.096491228070176,2.0,0,56,7.054188368435283,4.662280701754386,2.0,0,78,7.449978746395218,18.95175438596491,9.0,3,314,31.91636022124088
Nepxion_Discovery,4.778985507246377,4.0,0,42,5.033209464996679,1.2693236714975846,1.0,1,6,0.5951647382077091,0.2478035271777221,0.0,0.0,1.0,0.3256744012998018,7.647342995169082,4.0,0,170,14.193388115904296,6.277777777777778,3.0,0,120,11.788549724557168,31.67874396135266,16.0,1,736,54.73487319142525
strimzi_strimzi-kafka-operator,10.973753280839896,7.0,0,116,13.029915327987354,1.48753280839895,1.0,1,15,0.8752686946454683,0.3682312911241699,0.33333334,0.0,1.0,0.3587870864533306,13.456036745406823,7.0,0,594,24.93737467314736,26.89829396325459,9.0,0,366,43.97632052163235,81.09317585301837,33.0,1,1987,146.04721973841765
JanusGraph_janusgraph,7.017932489451477,4.0,0,131,10.046734863743188,1.4425105485232068,1.0,1,11,0.8427037933141032,0.2778251999288746,0.0,0.0,1.0,0.3472255680308717,11.584388185654008,5.0,0,605,25.876941354679207,13.315928270042194,5.0,0,698,30.007332076449305,55.16139240506329,21.0,1,6608,191.5968042956843
dmytrodanylyk_circular-progress-button,3.9743589743589753,2.0,0,22,4.37388890845844,1.2820512820512822,1.0,1,3,0.5103516820842348,0.1257824846153846,0.0,0.0,0.93637395,0.284592493568448,5.82051282051282,3.0,0,84,13.374901465198864,6.051282051282051,3.0,0,82,13.102729161170402,36.64102564102564,13.0,1,528,85.26660578490427
dromara_lamp-cloud,7.769889840881273,7.0,0,71,6.07739496183717,1.2705018359853122,1.0,1,4,0.4553859253306717,0.2397617218524871,0.0,0.0,1.0,0.3538008775895521,4.083231334149327,1.0,0,96,8.716275363499612,7.2386780905752754,1.0,0,189,17.467422680898263,23.14075887392901,12.0,2,593,42.397147933024655
jagrosh_MusicBot,6.741935483870968,5.0,0,54,6.907625316817029,2.505376344086021,3.0,1,14,1.8452268383823407,0.1923358859677419,0.0,0.0,0.940989,0.2742009586082585,9.731182795698924,6.0,0,58,10.170438604695212,18.6989247311828,14.0,0,81,16.40173966531053,44.053763440860216,32.0,1,220,39.15170205401089
k0shk0sh_FastHub,8.07387580299786,5.0,0,52,7.858740982375873,1.4379014989293362,1.0,1,6,0.6835208382103996,0.286241627832244,0.0,0.0,1.0,0.3610966909257908,11.403640256959315,4.0,0,198,18.644896994824524,13.099571734475374,2.0,0,161,22.424763810812653,43.17023554603854,14.0,1,516,65.59576042874473
redis_lettuce,6.503863359089061,4.0,0,152,8.529676173795604,1.3725091500610005,1.0,1,20,0.9345509746528666,0.2212320552422131,0.0,0.0,1.0,0.3127308093533959,11.36478243188288,5.0,0,772,30.83006646825766,11.700284668564455,4.0,0,503,24.24356096138053,56.38633590890606,23.0,1,3353,130.17821073590372
ZHENFENG13_spring-boot-projects,4.327102803738318,3.0,0,17,3.990024591910264,1.074766355140187,1.0,1,4,0.4278276539669378,0.2173129272115384,0.0,0.0,1.0,0.3157649166653486,6.532710280373832,6.0,0,24,5.605451788651234,4.981308411214953,2.0,0,24,5.869623285798905,24.35514018691589,20.0,3,102,20.050526900547933
ddd-by-examples_library,6.788617886178862,5.0,0,29,5.61066319758428,1.0406504065040652,1.0,1,4,0.2974860234694556,0.2678928929245283,0.0,0.0,1.0,0.3061807347895513,2.8536585365853657,1.0,0,22,3.8147318553665945,5.178861788617886,3.0,0,40,8.008225812317539,14.390243902439025,9.0,1,143,17.85305876641516
yanzhenjie_SwipeRecyclerView,4.847272727272728,3.0,0,35,5.2463353405630055,1.3890909090909092,1.0,1,6,0.8357156833422519,0.1987034443296703,0.0,0.0,0.9435484,0.3104187535577094,8.52,3.0,0,136,19.84710168401105,8.127272727272727,5.0,0,82,12.16170630294413,40.32727272727273,18.0,3,499,71.63575101041943
jpush_aurora-imui,4.807017543859649,2.5,0,64,7.042240203983417,1.5292397660818713,1.0,1,21,1.4360335588788788,0.1993651030735294,0.0,0.0,1.0,0.3328905560502859,9.97953216374269,3.0,0,181,21.16593128798775,9.7953216374269,3.0,0,186,20.28778813843946,52.014619883040936,13.0,1,1187,118.19255782006172
Devlight_InfiniteCycleViewPager,5.048780487804878,3.0,0,34,6.484409069114144,1.6341463414634143,2.0,1,6,0.8875837301622763,0.204619745,0.0,0.0,0.9631334,0.3254384427112752,25.121951219512194,2.0,0,526,84.17249999909448,13.048780487804878,2.0,0,221,37.0215823672572,86.92682926829268,12.0,1,2035,322.1013342291446
201206030_novel,4.415841584158416,2.0,0,46,5.519332511976846,1.0693069306930694,1.0,1,4,0.3384902312743226,0.2515355305325444,0.0,0.0,0.93031347,0.3537081345849585,4.767326732673268,1.0,0,41,7.366748054446396,5.321782178217822,0.0,0,186,16.0065415978114,22.574257425742573,10.0,2,321,31.90138615327814
springside_springside4,3.165079365079365,2.0,0,19,3.3800726790022098,1.276190476190476,1.0,1,6,0.8039936712909418,0.2166852982142857,0.0,0.0,1.0,0.3432681766675755,8.003174603174603,4.0,0,86,11.888949644428672,8.717460317460317,4.0,0,57,11.23005719541418,40.768253968253966,23.0,1,430,52.96994949487336
microsoft_typespec,8.91779089376054,8.0,0,86,6.991364488317768,1.1521922428330522,1.0,1,5,0.4723243383052135,0.2807615707087378,0.2,0.0,1.0,0.3111821145042748,9.6429173693086,6.0,0,335,14.475954471421106,11.067453625632378,8.0,0,308,17.222351943332352,40.768128161888704,27.0,1,1548,62.29567222684759
ElderDrivers_EdXposed,6.065217391304348,4.0,0,61,6.95532823181765,1.6032608695652173,1.0,1,13,1.049477935082761,0.3402579075442478,0.25,0.0,1.0,0.3619527465664151,18.930434782608696,7.0,0,754,47.06911025482344,11.629347826086956,5.0,0,160,19.76528781483762,78.03695652173913,26.0,1,2104,163.95238946204373
crazycodeboy_react-native-splash-screen,3.4166666666666665,2.5,0,11,2.968266507678524,1.25,1.0,1,2,0.4522670168666454,0.122222225,0.0,0.0,0.8,0.2868615791444118,4.083333333333333,3.0,1,13,3.5021638332824345,3.9166666666666665,2.5,1,9,3.028901190901153,20.5,13.5,5,66,18.74469621956132
wasabeef_Blurry,5.142857142857143,3.5,0,14,4.53799587851362,1.0,1.0,1,1,0.0,0.1349359,0.0,0.0,0.6666667,0.2332560603847125,4.571428571428571,2.5,0,25,6.733547307375168,5.928571428571429,3.0,0,36,9.118571798716706,45.42857142857143,14.0,3,238,68.46640308683048
JakeWharton_u2020,6.2164179104477615,4.0,0,61,8.088199833451336,1.4253731343283582,1.0,1,7,0.8168973548098715,0.2522329120454545,0.0,0.0,1.0,0.3310174122275691,7.231343283582089,3.0,0,241,21.50499650950336,8.007462686567164,3.0,0,127,16.011037672437762,35.865671641791046,13.0,2,1179,107.95096290284198
hanks-zyh_HTextView,4.197802197802198,2.0,0,21,4.080358862812002,1.5604395604395604,1.0,1,3,0.763162880660205,0.2005678882954545,0.0,0.0,0.84615386,0.2971885569905992,5.835164835164835,3.0,0,37,7.028930274647829,7.901098901098901,3.0,0,47,10.406253403127844,33.8021978021978,12.0,1,264,43.59975019811716
SuperMonster003_AutoJs6,5.1510989010989015,3.0,0,68,6.71616692667958,1.4587912087912087,1.0,1,11,0.8766437762414943,0.3240423108146478,0.0,0.0,1.0,0.3686334907329412,13.50989010989011,5.0,0,617,30.722299966247075,10.98131868131868,3.0,0,501,23.34507451332136,65.17142857142858,21.0,1,2547,147.39546479620063
osmandapp_OsmAnd,8.98679060665362,5.0,0,126,11.213064778732008,1.7328767123287672,1.0,1,133,2.263308636736025,0.3707791847981181,0.33333334,0.0,1.0,0.3753856170718608,21.72635355512068,6.0,0,731,44.49730605885887,20.54696673189824,6.0,0,476,37.26333457962426,113.97928897586432,27.0,1,47847,690.496487685304
daimajia_AndroidImageSlider,4.063492063492063,2.0,0,41,7.079896609125287,1.5714285714285714,1.0,1,6,0.7769727382249009,0.1777189,0.0,0.0,0.96185714,0.3083994398682636,15.174603174603174,3.0,0,515,65.62565875123494,9.984126984126984,3.0,0,222,29.201464867969005,60.523809523809526,11.0,1,2014,257.7904786363842
TommyLemon_Android-ZBLibrary,5.377358490566038,3.0,0,48,6.410932347813381,1.559748427672956,1.0,1,5,1.0331489640596767,0.2857685930031949,0.0,0.0,1.0,0.3732650115744762,10.60062893081761,3.0,0,117,16.542296411959143,10.20754716981132,4.0,0,77,13.661327430040055,46.31132075471698,15.0,1,362,66.57023944641911
hneemann_Digital,5.047881122729774,4.0,0,84,5.7641243084382845,1.6835443037974684,1.0,1,36,1.7290339372329488,0.2322670991995578,0.0,0.0,1.0,0.3081847045286311,8.92019812878371,4.0,0,274,15.663086686289557,9.340121078701156,6.0,0,254,14.862768083215991,41.87121629058888,20.0,1,2049,88.30544914304339
hongyangAndroid_FlowLayout,4.323529411764706,3.0,0,16,3.811629638239887,1.411764705882353,1.0,1,3,0.5569204860727307,0.1875942658823529,0.0,0.0,0.8472222,0.2900349990175147,4.088235294117647,1.0,1,38,7.936748617010978,5.617647058823529,3.0,0,55,10.292729725636008,23.823529411764707,7.0,3,184,38.69810941136867
baidu_uid-generator,2.88,1.0,0,10,3.382799629498226,1.28,1.0,1,4,0.7371114795831993,0.4449343276,0.64285713,0.0,1.0,0.3851724232000047,8.68,6.0,1,28,7.8883880905205634,7.6,3.0,0,23,8.765462528203138,34.92,24.0,3,106,32.61252315701235
alibaba_jetcache,6.033632286995516,4.0,0,39,6.504362497273962,1.6367713004484306,1.0,1,6,1.1007218782221768,0.2331601980863636,0.0,0.0,1.0,0.3358294969534493,7.071748878923767,3.0,0,90,11.14336644874222,9.535874439461884,2.0,0,139,16.538068173053308,40.40582959641256,17.0,1,853,66.42463914121446
mik3y_usb-serial-for-android,6.0,4.0,0,42,7.21891100210676,1.375,1.0,1,5,0.6594385148970126,0.3384726763888888,0.0,0.0,1.0,0.3821072311958214,22.069444444444443,4.5,0,403,55.03477169446293,12.97222222222222,3.0,0,188,26.25979212248488,117.36111111111111,24.0,1,2161,274.7116955090414
apache_hbase,7.808227413260048,5.0,0,425,10.672438846939595,1.4939883201648918,1.0,1,116,1.5899435740896923,0.3160051150472897,0.0,0.0,1.0,0.3631550032116488,13.439883201648918,5.0,0,1099,32.49566586662273,16.210237031947784,6.0,0,854,31.612143362685423,81.74270010305737,25.0,1,49088,625.1600191014368
alibaba_QLExpress,5.783098591549296,3.0,0,174,11.17001365535753,1.4,1.0,1,6,0.6404447607135402,0.3316239721325649,0.33333334,0.0,1.0,0.3486025023942586,9.095774647887325,5.0,0,350,22.69714283407559,7.095774647887324,2.0,0,251,19.388151170877,38.89295774647887,19.0,1,1446,103.2149850668834
amlcurran_ShowcaseView,5.384615384615385,5.0,0,36,5.592104667778011,1.4,1.0,1,4,0.6800735254367721,0.2140288227692307,0.0,0.0,1.0,0.3158650844146399,6.323076923076923,3.0,0,91,12.72068651388813,7.061538461538461,4.0,0,92,12.671174130527676,32.09230769230769,17.0,1,505,67.47377339495581
CaffeineMC_sodium,6.287616511318243,4.0,0,77,6.880297942536622,1.5139813581890813,1.0,1,56,2.3887523091184417,0.323398919429752,0.21111111,0.0,1.0,0.3507978680544412,9.569906790945408,4.0,0,165,16.417229969089398,8.55525965379494,3.0,0,213,16.207383367850902,41.01065246338216,18.0,1,727,64.73410141782864
nhaarman_ListViewAnimations,6.474452554744525,5.0,0,31,5.501444051031461,2.058394160583941,2.0,1,6,1.2353043406720865,0.2278330192592592,0.0,0.0,0.8916667,0.2912875809522415,8.583941605839415,3.0,0,91,13.4719983755885,9.233576642335766,4.0,0,72,12.230784914042436,41.58394160583941,17.0,2,394,61.97314911169268
knightliao_disconf,4.437647058823529,3.0,0,32,5.129593580359661,1.3576470588235294,1.0,1,7,0.8293519393416032,0.312344868425,0.190476195,0.0,1.0,0.3421851675291791,7.618823529411765,4.0,0,143,11.66132227887978,7.169411764705882,3.0,0,120,12.54461870204026,32.96235294117647,18.0,2,570,49.91760658606138
jindrapetrik_jpexs-decompiler,5.841269841269841,3.0,0,304,12.286852399790194,1.8742004264392325,1.0,1,77,1.9479117769101888,0.2505193990404137,0.0,0.0,1.0,0.3453319128719248,19.089078417436628,5.0,0,1338,62.8320647955545,12.25870646766169,4.0,0,683,29.19532802224317,87.5181236673774,22.0,1,5961,288.52430383125903
cinit_QAuxiliary,7.47227191413238,5.0,0,58,7.787422104717408,1.3220035778175314,1.0,1,5,0.5866485762008653,0.356927360387337,0.16666667,0.0,1.0,0.3824863653459123,16.076923076923077,8.0,0,408,29.541772026373604,14.28980322003578,6.0,0,150,20.790862165932065,76.79964221824687,36.0,1,1320,122.92457372000328
GeyserMC_Geyser,7.997802197802198,6.0,0,177,10.684045214505428,1.7391941391941392,1.0,1,9,1.1874073859711674,0.2513908007888805,0.0,0.0,1.0,0.3524869569272948,11.04981684981685,5.0,0,292,20.8770070321488,13.985347985347984,5.0,0,439,25.68846328344473,47.7010989010989,19.0,1,1519,96.88392111359752
wuhaoyu1990_MagicCamera,3.5454545454545454,3.0,0,51,4.9949469416095855,1.46875,1.0,1,8,0.6828302296377354,0.2842760036,0.0,0.0,1.0,0.3370317756761363,7.963068181818182,4.0,0,130,12.801856156189658,7.426136363636363,5.0,0,69,8.932172323052349,41.31534090909091,25.0,1,400,52.38782608956562
danikula_AndroidVideoCache,4.831168831168832,3.0,0,18,4.891998293138332,1.4935064935064934,1.0,1,4,0.6614055333625073,0.2319242196052631,0.0,0.0,0.99333334,0.3247055449238477,7.844155844155843,4.0,0,48,9.306286691016618,10.636363636363637,5.0,0,68,13.998974671954684,41.77922077922078,18.0,3,281,54.16631876783312
TGX-Android_Telegram-X,9.501040221914009,4.0,0,414,19.676335214972443,1.4271844660194175,1.0,1,11,0.8806134024491346,0.2904357430226718,0.0,0.0,1.0,0.3695139556007671,38.98543689320388,5.0,0,3064,147.24308346737396,25.28016643550624,5.0,0,1719,74.20122359907857,146.22052704576976,20.0,1,10820,513.0589341469575
emilsjolander_StickyListHeaders,4.813953488372093,3.0,0,41,6.949668762073992,1.3953488372093024,1.0,1,3,0.6597089864810497,0.1882056060975609,0.0,0.0,0.93189114,0.3190446273172807,11.976744186046512,3.0,0,208,32.40847065351384,9.953488372093023,2.0,0,152,24.01879570389277,49.11627906976744,10.0,3,763,119.68315497940814
Jasonchenlijian_FastBle,4.380952380952381,2.0,0,34,5.916698911329358,1.2952380952380953,1.0,1,4,0.5704891545488621,0.1582261501030928,0.0,0.0,0.96268666,0.2960925967064906,8.295238095238096,2.0,0,137,18.370609789261326,7.857142857142857,2.0,0,87,14.834619444594257,44.885714285714286,8.0,1,466,87.06864160906814
liquibase_liquibase,6.854094579008073,4.0,0,72,7.639077336654535,1.7831603229527104,2.0,1,7,0.9066237888011804,0.311737273250734,0.0,0.0,1.0,0.3800496309787102,14.00634371395617,5.5,0,369,27.44711044946074,14.046712802768166,6.0,0,297,24.482423199868013,57.168396770472896,24.0,1,1513,110.72672084837698
scribejava_scribejava,4.208502024291498,3.0,0,23,3.98819868938346,1.4008097165991902,1.0,1,6,0.7835008502739746,0.2974281553481481,0.25,0.0,1.0,0.3151336034177653,4.435222672064778,2.0,0,102,7.158227245143574,5.9089068825910935,1.0,0,89,9.32715079794139,25.649797570850204,17.0,1,408,31.7826165691763
motianhuo_wechat,5.061417322834646,3.0,0,67,7.029074895537901,1.2346456692913386,1.0,1,5,0.6305045239277515,0.2356834391396103,0.0,0.0,1.0,0.3490545577954991,9.075590551181104,3.0,0,295,21.69106183411484,9.776377952755906,5.0,0,158,15.197555302598454,54.21417322834645,20.0,1,1203,118.67093165397726
KeepSafe_TapTargetView,4.512820512820513,2.0,0,40,7.070590665685111,1.1538461538461535,1.0,1,3,0.4315493225736372,0.0804812784615384,0.0,0.0,0.95473456,0.2481576167777955,10.076923076923077,3.0,1,116,22.07807273170733,8.871794871794872,4.0,0,113,18.62112479950984,50.38461538461539,15.0,3,733,124.3305474139116
sockeqwe_mosby,5.380664652567976,3.0,0,39,5.6840771451273655,1.6117824773413898,1.0,1,10,1.2282775762636469,0.2243792992435703,0.0,0.0,1.0,0.3275452832315501,5.318731117824774,3.0,0,69,7.788791719582847,5.971299093655589,2.0,0,65,9.498344045719838,25.88821752265861,12.0,2,291,36.002221483330175
alibaba_freeline,3.740740740740741,2.0,0,31,4.567835247706891,1.6074074074074074,1.0,1,14,1.5066831035661037,0.2232436620149253,0.0,0.0,1.0,0.3419942618534421,7.555555555555555,3.0,0,79,11.507730475489833,9.533333333333331,4.0,0,95,14.03928390400712,39.68148148148149,16.0,2,359,61.81781753631402
dm77_barcodescanner,5.273972602739726,2.0,0,24,6.241127644666206,1.643835616438356,1.0,1,5,0.8558599154213042,0.2214651036986301,0.0,0.0,0.9272726,0.3187598380916295,7.273972602739726,2.0,1,62,11.966690197252404,9.068493150684931,2.0,0,64,14.583408349448288,38.3013698630137,10.0,3,279,59.89497403592458
apache_groovy,5.253705010585745,3.0,0,298,9.92699411589337,2.1323218066337333,1.0,1,106,4.12748569108101,0.3024519878095577,0.0,0.0,1.0,0.3665767805459963,18.228299223712067,5.0,0,1873,69.667135792505,13.68454481298518,3.0,0,968,39.815343200894496,71.77981651376147,19.0,1,6454,256.32609214735214
rubenlagus_TelegramBots,10.409203980099502,11.0,0,81,6.593741314400305,2.1766169154228856,1.0,1,7,1.771125961252503,0.4112942303961964,0.5,0.0,1.0,0.3860149800633622,4.9950248756218905,2.0,0,136,10.271893975914642,5.33955223880597,1.0,0,181,14.05904211899299,27.819651741293534,16.0,2,476,45.40725976899647
spring-projects_spring-data-examples,2.6335086401202106,2.0,0,19,1.6467000990766192,1.006160781367393,1.0,1,4,0.0890346720269926,0.1511474987380988,0.0,0.0,1.0,0.215036389148413,1.7555221637866265,1.0,0,19,1.3077210862822355,0.8222389181066867,0.0,0,55,3.089894244834624,7.744252441773103,4.0,1,145,7.081015119396003
tonikelope_megabasterd,2.7611940298507465,1.0,0,26,4.402577264190168,1.4875621890547264,1.0,1,6,1.330824754565072,0.2196070828855721,0.0,0.0,1.0,0.3654833587424104,16.741293532338307,1.0,0,291,45.078628376631066,20.17412935323383,1.0,0,284,46.691482385582745,102.85074626865672,5.0,1,2199,292.12765636265993
socketio_socket.io-client-java,1.921397379912664,1.0,0,22,2.7992677244506283,1.0960698689956332,1.0,1,4,0.4182590425512161,0.0642688848230088,0.0,0.0,1.0,0.2126575276037314,3.279475982532752,1.0,0,75,8.100279813533275,3.572052401746725,2.0,0,55,6.612740605303635,24.624454148471617,7.0,1,800,73.16868587281206
killbill_killbill,8.66299019607843,6.0,0,107,10.077204363194726,1.7945261437908495,1.0,1,8,1.1012580854602152,0.2349540708306748,0.0,0.0,1.0,0.320284270821298,11.2765522875817,4.0,0,236,19.609945664967093,13.786764705882351,6.0,0,250,22.44379704546288,61.83537581699346,23.0,1,1865,120.61457298844964
facebookarchive_rebound,4.287356321839081,2.0,0,30,5.53825605574537,1.3218390804597702,1.0,1,3,0.5805821631969074,0.2369796645348836,0.0,0.0,1.0,0.3331894314069595,9.160919540229886,3.0,0,254,28.322837183470128,8.931034482758621,3.0,0,146,18.38085018622818,47.06896551724138,13.0,3,931,110.70952912742008
coobird_thumbnailator,4.089285714285714,2.0,0,43,4.860481386461203,1.2366071428571428,1.0,1,7,0.7101437403559142,0.1625482504234234,0.0,0.0,1.0,0.2608531214987996,10.299107142857142,4.0,0,220,20.80218165316008,9.0625,3.5,0,76,12.971359447616988,87.47767857142857,24.0,1,2304,227.83140143883224
diffplug_spotless,4.988260405549626,4.0,0,50,4.298786211174203,1.735325506937033,1.0,1,18,1.266076416844974,0.2915558521220556,0.0,0.0,1.0,0.347392618668943,7.053361792956244,4.0,0,154,10.379103138301712,10.295624332977589,7.0,0,142,12.265715197028706,41.23159018143009,23.0,1,603,52.42736881624199
gsantner_markor,6.854651162790698,4.0,0,96,9.956865067735084,1.4767441860465116,1.0,1,9,0.9595521815820792,0.3130829353134328,0.0,0.0,1.0,0.3699797347102148,19.5203488372093,5.0,0,630,48.877781103403656,19.19186046511628,6.0,0,454,41.1502026184237,87.92151162790698,26.0,1,2044,178.6701023770418
apache_dubbo-spring-boot-project,7.112359550561798,6.0,0,20,4.996449198833814,1.1685393258426966,1.0,1,2,0.3764654715598937,0.2447341516853932,0.0,0.0,1.0,0.3391134604046524,3.966292134831461,2.0,0,38,6.055518591639153,5.865168539325842,4.0,0,37,6.879136790516332,21.43820224719101,14.0,2,160,25.754061928602013
LFDT-web3j_web3j,4.271936758893281,2.0,0,110,8.763075842639129,1.7351778656126482,1.0,1,46,1.6815935275549632,0.2530808223213703,0.0,0.0,1.0,0.3720423586130664,6.952569169960475,2.0,0,296,16.82234880813689,6.275889328063241,1.0,0,236,16.197522729808984,34.17549407114625,9.0,1,1238,78.19522307431936
pmd_pmd,5.75376762275158,4.0,0,163,8.500276258748412,2.041079241614001,2.0,1,143,2.5552041454048635,0.1956280129903988,0.0,0.0,1.0,0.3201133913291675,8.060281964025279,3.0,0,756,19.72561015794725,7.578998541565387,2.0,0,200,15.153873424479062,36.073164803111325,13.0,1,8244,150.78005855617744
facebookarchive_shimmer-android,8.571428571428571,9.0,1,17,6.6547512564869225,1.8571428571428568,2.0,1,3,0.6900655593423543,0.3703484714285714,0.125,0.0,0.8965518,0.4270690174770846,24.571428571428573,12.0,1,58,25.19826146686277,18.0,9.0,0,43,18.05547008526779,126.42857142857144,126.0,5,336,124.38764293243004
Evernote_android-job,6.994708994708994,4.0,0,27,6.055151977727405,1.7671957671957672,1.0,1,30,2.34946419169714,0.2342525884656084,0.0,0.0,1.0,0.3449385564000372,11.116402116402115,4.0,0,240,22.770529567263303,12.264550264550264,5.0,0,88,15.639688412914278,56.576719576719576,19.0,3,914,98.11467827719206
remkop_picocli,2.9407760381211707,2.0,0,90,4.844173619520139,1.111640571817563,1.0,1,76,1.4749505156595866,0.2085864164177363,0.0,0.0,1.0,0.3672596224978084,3.875085091899251,0.0,0,527,22.15019117510909,3.89142273655548,0.0,0,375,18.82514892795469,32.68379850238257,5.0,1,13512,305.1819036189662
runelite_runelite,3.3988805062058893,0.0,0,95,6.963341814355115,1.2088099294232173,1.0,1,10,0.7164843507483626,0.3196766479906299,0.10526316,0.0,1.0,0.3565582152045649,7.316135312728158,0.0,0,686,26.31442499950767,7.075200778778291,0.0,0,282,20.337367355298035,126.4967145290825,17.0,1,33134,1346.533524072907
h6ah4i_android-advancedrecyclerview,6.60506329113924,4.0,0,44,7.130115916183802,2.4075949367088607,2.0,1,25,2.211745994259175,0.265585925722365,0.0,0.0,1.0,0.3267716645263017,11.531645569620252,4.0,0,372,28.09250285802913,9.518987341772153,3.0,0,193,17.44175278143432,52.38481012658228,17.0,2,1471,112.9507271944642
allure-framework_allure2,5.958477508650519,4.0,0,39,5.679978766252798,1.3044982698961938,1.0,1,5,0.7888197764723833,0.2930047257198443,0.0,0.0,1.0,0.3565633548351574,6.13840830449827,3.0,0,72,8.791264538161208,14.048442906574394,6.0,0,180,22.491612773131365,37.141868512110726,14.0,2,1336,88.89259248039417
jgilfelt_SystemBarTint,8.0,7.0,2,19,5.172040216394301,1.7777777777777777,2.0,1,3,0.6666666666666666,0.3663639688888889,0.33333334,0.0,0.87053573,0.3903085234437883,13.88888888888889,4.0,1,48,17.474584719274766,17.333333333333332,14.0,1,52,16.424067705656842,89.66666666666667,41.0,5,301,103.74246960623212
commonsguy_cw-omnibus,5.328703703703703,4.0,0,49,4.967053487384965,1.7829218106995883,2.0,1,11,0.8722852907558277,0.2687271835226078,0.0,0.0,1.0,0.3283013294096761,7.561728395061729,3.0,0,285,17.76110400676609,9.594650205761315,6.0,0,172,13.485712009018672,36.58384773662552,18.0,2,1072,73.30180820669459
google_google-authenticator,3.885245901639344,2.0,0,29,5.050077097285208,1.6885245901639343,1.0,1,9,1.3107374973217352,0.3431703388135593,0.25,0.0,0.94444436,0.3631884031519038,13.114754098360656,4.0,0,88,19.58238865295016,8.032786885245901,3.0,0,64,11.684701127421208,64.50819672131148,18.0,2,1017,139.3580069402568
dunwu_db-tutorial,5.205741626794258,4.0,0,46,5.164669692156139,1.181818181818182,1.0,1,5,0.5507464737260497,0.2573635577613636,0.0,0.0,1.0,0.3200778545261894,10.291866028708132,3.0,0,207,24.33373688581594,12.502392344497608,3.0,0,158,24.878381950600023,53.60287081339713,15.0,1,747,116.7991791963864
mybatis_generator,7.955617198335645,5.0,0,47,7.453613939852968,2.453536754507628,2.0,1,7,1.5884537735361135,0.2531299308727399,0.0,0.0,1.0,0.3308681597063286,9.64771151178918,4.0,0,314,18.57651290100226,15.34257975034674,4.0,0,198,25.483392816631696,101.48266296809986,24.0,1,2533,323.481469573364
XRecyclerView_XRecyclerView,3.909638554216868,2.0,0,38,4.846519887515198,1.4216867469879515,1.0,1,4,0.6054396234485112,0.1667369067272727,0.0,0.0,1.0,0.2959849784962727,4.993975903614458,2.0,0,146,14.230780548004963,6.710843373493976,2.5,0,68,8.968672913528787,31.03012048192771,9.0,1,681,63.03451913364326
LWJGL_lwjgl3,6.819752159218926,6.0,0,342,8.149538476913655,2.3594630116410062,2.0,1,18,1.2312480845420013,0.7514748491434754,0.9166666,0.0,1.0,0.354269480678807,25.68541119038678,15.0,0,2264,56.557375476306426,18.71826886969583,12.0,0,617,24.40190108829885,108.32735636500188,52.0,2,9604,221.97498962706945
Doikki_DKVideoPlayer,5.326259946949602,2.0,0,35,6.287202052186157,1.5915119363395225,1.0,1,6,0.8459742561162249,0.2985599412210242,0.0,0.0,1.0,0.3469371530776086,11.575596816976129,4.0,0,514,31.80175023162181,9.424403183023871,2.0,0,217,17.46044888430038,48.92838196286472,17.0,1,1987,122.62450323400144
zfdang_Android-Touch-Helper,4.127272727272727,3.0,0,30,5.171340342963413,1.181818181818182,1.0,1,2,0.3892494720807614,0.1543510538181818,0.0,0.0,1.0,0.3067184836315488,5.8,2.0,0,126,17.152259326397793,8.0,4.0,0,103,15.120503616931204,41.03636363636364,12.0,2,736,106.53689391149793
Fuzion24_JustTrustMe,2.2962962962962963,1.0,0,23,4.231882785337031,1.1851851851851851,1.0,1,3,0.4833407013879895,0.0235690222222222,0.0,0.0,0.6363636,0.1224682319208264,2.740740740740741,1.0,1,31,5.821661093857825,2.037037037037037,0.0,0,22,4.40700038820652,22.14814814814815,6.0,5,393,74.2520156181758
Docile-Alligator_Infinity-For-Reddit,6.98625,4.0,0,109,10.946446974971373,1.545625,1.0,1,87,2.3833208965506425,0.1666109806578947,0.0,0.0,1.0,0.3053682607387962,10.585625,3.0,0,492,28.1845995295485,11.63375,4.0,0,281,25.17271642016374,60.259375,14.0,1,3591,175.160902281772
evant_gradle-retrolambda,4.6,3.0,0,9,3.605551275463989,1.04,1.0,1,2,0.2,0.1371428564,0.0,0.0,0.5,0.1699947617508071,3.4,2.0,0,14,3.24037034920393,8.4,3.0,0,22,8.981462390204987,24.92,13.0,2,119,28.874613994533902
citerus_dddsample-core,7.089171974522293,5.0,0,33,6.52645091067618,1.127388535031847,1.0,1,4,0.4899779514882633,0.2500476991401273,0.0,0.0,0.9411765,0.3115080723523738,5.8789808917197455,3.0,0,55,6.876521107689871,9.248407643312104,6.0,0,54,10.68647362800248,29.547770700636946,19.0,2,185,30.50923480620098
yixia_VitamioBundle,4.950495049504951,3.0,0,37,6.109625582020165,1.316831683168317,1.0,1,4,0.5988437704327723,0.3077586061702128,0.0,0.0,1.0,0.3809445583064366,14.049504950495049,4.0,0,197,27.40925983591084,10.98019801980198,3.0,0,120,18.07759950768896,64.36633663366337,21.0,3,749,112.3305588673249
xxv_android-lifecycle,7.0,7.5,0,13,5.215361924162119,1.6666666666666667,2.0,1,2,0.5163977794943223,0.0,0.0,0.0,0.0,0.0,15.333333333333334,20.0,0,24,10.191499726078918,18.33333333333333,23.0,0,29,11.96104789166345,80.16666666666667,104.0,1,127,54.0644676905883
CodingDocs_springboot-guide,4.115107913669065,3.0,0,14,3.113968381739473,1.1798561151079137,1.0,1,4,0.5678818840389092,0.0801963333870967,0.0,0.0,1.0,0.1970746484905939,2.172661870503597,1.0,0,17,2.6124785764434866,2.776978417266187,1.0,0,26,5.017423505143411,10.949640287769784,7.0,2,72,10.421774683365062
lingochamp_okdownload,6.443148688046647,4.0,0,37,6.8468290777079925,1.2653061224489797,1.0,1,6,0.7777181024964702,0.2580535586053412,0.0,0.0,1.0,0.3231905058333042,10.717201166180756,5.0,0,127,16.21182592263942,13.568513119533527,3.0,0,107,21.519754282772592,55.352769679300295,21.0,1,565,82.47750561434873
razerdp_BasePopup,5.890845070422535,3.0,0,59,6.583774667996523,1.6954225352112675,1.0,1,10,1.2086607646799852,0.2892098729032257,0.0,0.0,1.0,0.3571730442124831,10.892605633802816,4.0,0,304,24.056900836449884,9.30281690140845,4.0,0,149,15.6486959575795,49.852112676056336,16.0,1,1035,93.65765248256334
novicezk_midjourney-proxy,5.9,5.0,0,29,5.72408669914475,1.2444444444444445,1.0,1,4,0.5469242108231445,0.2736368628985507,0.0,0.0,0.8888889,0.3368179805468292,6.677777777777778,3.0,0,38,8.630788600132366,11.233333333333333,4.0,0,78,16.1954703058283,30.966666666666665,13.5,3,180,40.29510523150395
j-easy_easy-rules,5.092592592592593,4.0,0,21,3.5662419204917573,1.3148148148148149,1.0,1,5,0.6543900694608467,0.2177362336419753,0.0,0.0,0.85763884,0.2639394700584012,5.87037037037037,4.0,0,76,7.701850135788653,5.907407407407407,2.0,0,65,9.19816721924736,29.98148148148148,17.0,2,281,37.21408138987447
thinkaurelius_titan,5.864491844416562,3.0,0,109,8.652920078635475,1.3695106649937263,1.0,1,7,0.806190042347864,0.2254479030006293,0.0,0.0,1.0,0.3309671850886823,9.858218318695108,4.0,0,344,20.08119046542038,9.745294855708908,3.0,0,332,21.38506835609225,44.64429109159347,14.0,1,3622,125.8080905650804
CellularPrivacy_Android-IMSI-Catcher-Detector,5.059760956175299,3.0,0,48,6.86209984936313,1.330677290836653,1.0,1,4,0.6619782016367541,0.1828947820782608,0.0,0.0,1.0,0.3193878070695861,7.370517928286852,2.0,0,124,13.509188255801208,10.243027888446216,4.0,0,133,18.60431942305924,48.49003984063745,15.0,3,674,81.9445843262287
Yalantis_Side-Menu.Android,3.888888888888889,2.0,0,20,5.20055301232349,1.2222222222222223,1.0,1,2,0.4277926319464986,0.1736772538888888,0.0,0.0,0.9305556,0.3142546012661467,3.888888888888889,3.0,1,16,3.802304083035611,6.222222222222222,3.0,0,39,10.275931648363086,24.944444444444443,8.5,4,127,37.80207311809954
huangyanbin_smartTable,5.09065934065934,2.0,0,54,7.588959691943658,1.1895604395604396,1.0,1,4,0.4573258288052056,0.1582211403571428,0.0,0.0,1.0,0.2928788360984603,7.420329670329671,3.0,0,121,13.935377177568633,7.739010989010989,3.0,0,93,15.310397810404096,38.91483516483517,11.0,2,475,74.12349831498844
reactor_reactor-core,7.198218262806236,7.0,0,231,8.20114750223465,1.6824053452115812,1.0,1,43,1.6322500424386377,0.260163810735849,0.0,0.0,1.0,0.3162616750121654,14.502004454342984,6.0,0,588,26.03154572793786,14.82761692650334,6.0,0,346,24.59473922914822,90.2957683741648,32.0,1,1948,155.0363645597955
bitcoinj_bitcoinj,7.1264,4.0,0,123,10.773529288646936,1.7248,1.0,1,44,2.732363492731203,0.2775740712310178,0.0,0.0,1.0,0.350632157106853,15.7056,4.0,0,718,43.4826046562566,19.0512,6.0,0,642,45.74932326807884,74.3168,20.0,1,3147,211.02375334763403
lucasr_twoway-view,6.078431372549019,4.0,0,22,5.792557767532066,1.8235294117647056,1.0,1,6,1.2117075943137632,0.3642166294117646,0.33333334,0.0,1.0,0.3658740317110894,16.607843137254903,6.0,0,199,33.09324911904091,11.235294117647058,5.0,0,106,19.972569424382147,72.31372549019608,30.0,1,711,126.69151355889288
Karumi_Dexter,4.425,3.0,0,28,5.252546097496824,1.2,1.0,1,5,0.5602892562176356,0.164157982825,0.0,0.0,0.84375,0.2724172716126829,5.0375,3.0,0,52,7.352677545534524,4.625,2.0,0,51,8.52602122767024,27.4625,12.0,3,244,38.98748379166143
brianfrankcooper_YCSB,7.055084745762712,3.0,0,34,7.558082583116774,1.6355932203389831,1.0,1,5,0.7513421096551655,0.3972854417021277,0.44444445,0.0,1.0,0.347609151464866,18.220338983050848,10.0,0,104,20.85701498122765,20.70338983050848,8.0,0,116,24.556945309387253,94.95762711864408,47.0,1,675,109.86594493505773
oshi_oshi,5.2438202247191015,4.0,0,39,5.343550616957881,1.604494382022472,1.0,1,19,1.1641350325388164,0.3750614519258373,0.33333334,0.0,1.0,0.3840237468265715,12.771910112359553,6.0,0,245,18.960936035306727,12.715730337078652,6.0,0,150,18.0667765164536,57.75505617977528,30.0,1,789,76.42079501215166
hustcc_JS-Sorting-Algorithm,3.583333333333333,3.0,1,15,3.67938565359474,1.0,1.0,1,1,0.0,0.1027777833333333,0.0,0.0,0.6666667,0.2409821503791244,8.416666666666666,7.5,1,19,4.813963276162629,4.333333333333333,3.5,0,19,5.033222956847167,32.416666666666664,31.0,3,76,19.176018798741747
zhanglei-workspace_shopping-management-system,3.515463917525773,3.0,0,17,3.5914058356427305,1.3608247422680413,1.0,1,4,0.6643538058756367,0.3672130333333332,0.26666667,0.0,1.0,0.3924916622656531,11.072164948453608,6.0,0,114,14.52314777539091,7.391752577319588,4.0,0,42,9.268626180372022,55.18556701030928,34.0,2,560,83.52174491024617
Clans_FloatingActionButton,4.638297872340425,2.0,0,36,7.376300274218111,1.3829787234042554,1.0,1,5,0.7676387139726861,0.1502527225531915,0.0,0.0,0.9639623,0.289139189463219,12.148936170212766,2.0,0,205,38.44249161913339,10.702127659574469,3.0,0,131,26.127542433905308,59.680851063829785,10.0,1,963,177.3159923613379
killme2008_aviatorscript,4.627862595419847,3.0,0,118,6.710403042909739,1.498091603053435,1.0,1,5,0.7760739694928475,0.462469100787234,0.5,0.0,1.0,0.428060061992729,17.431297709923665,4.0,0,517,49.194321959302194,9.337786259541986,4.0,0,191,19.737823258477828,71.61832061068702,18.0,1,1797,186.7470844355183
Exrick_xpay,6.428571428571429,5.0,0,31,6.881652625434014,1.0,1.0,1,1,0.0,0.4481968390476191,0.5,0.0,1.0,0.3847779896125252,15.666666666666666,8.0,1,83,21.07921567168317,13.238095238095235,7.0,0,90,21.1610603749074,69.0,37.0,5,393,97.3765885621385
android_views-widgets-samples,4.019736842105263,2.0,0,25,4.271374601915869,1.730263157894737,1.0,1,9,1.1847284023112392,0.2854858420333334,0.0,0.0,0.9375,0.3328435656762202,7.953947368421052,4.0,0,62,10.855668898276129,7.953947368421052,4.0,0,59,10.980620385487866,48.31578947368421,17.0,1,639,81.56275129032922
baomidou_dynamic-datasource,5.410112359550562,4.0,0,22,4.780528891710534,1.1404494382022472,1.0,1,4,0.4841485276896847,0.2347556959872611,0.0,0.0,0.9259259,0.2931114921989146,5.438202247191011,2.0,0,63,9.581001747726509,8.207865168539326,4.0,0,59,11.363363915872034,29.320224719101123,21.0,2,203,36.79541447657422
careercup_ctci,1.958199356913184,2.0,0,8,1.4684384855808803,1.1189710610932475,1.0,1,5,0.4347712440395628,0.163840845987055,0.0,0.0,1.0,0.2549754081100233,9.488745980707396,7.0,0,106,10.565267291388883,5.0,4.0,0,26,4.726043151619306,36.154340836012864,28.0,1,319,33.24933138497633
square_otto,2.4352941176470586,1.0,0,22,3.129913504143104,1.388235294117647,1.0,1,5,0.8741542531288774,0.1467088969999999,0.0,0.0,0.9166667,0.2670750987821051,3.917647058823529,1.0,0,62,8.62887147715086,3.2588235294117647,1.0,0,53,7.435681256098658,23.376470588235293,8.0,2,311,45.81146053081464
natario1_CameraView,5.597378277153558,3.0,0,91,8.069403023687794,1.3745318352059923,1.0,1,7,0.7364710145482959,0.1876885514056603,0.0,0.0,1.0,0.3136863688650729,7.567415730337078,2.0,0,303,19.932111468819745,7.949438202247191,2.0,0,289,20.17622339048932,39.61610486891386,11.0,1,1352,102.22419812346403
tianshiyeben_wgcloud,6.0423728813559325,3.0,0,55,7.749710849633907,1.194915254237288,1.0,1,2,0.3978247386366292,0.4179873039999999,0.4,0.0,1.0,0.3997872892914819,12.677966101694915,10.0,0,81,11.926327520892308,10.186440677966102,3.0,0,119,16.929188445137605,51.73728813559322,37.5,6,381,56.34788584087944
deathmarine_Luyten,2.3488372093023258,1.0,0,31,4.124339270550454,1.5426356589147288,1.0,1,11,1.591028322824898,0.2187640783199999,0.0,0.0,1.0,0.3567447037467002,9.24031007751938,2.0,0,151,20.523909530182127,11.775193798449612,3.0,0,150,23.5449172826103,52.325581395348834,13.0,3,867,125.38049357298227
apache_calcite,7.695191806977955,5.0,0,244,10.283083100793348,1.7005728172192327,1.0,1,85,2.1127296107014213,0.2561380810716412,0.0,0.0,1.0,0.3624820715442465,13.1010241277556,4.0,0,1548,47.21244687130694,12.191112654053116,5.0,0,865,29.193364521967663,65.6547474396806,18.0,1,9818,261.5482986960699
youlookwhat_DesignPattern,2.538071065989848,2.0,0,34,3.609062054508236,1.2791878172588833,1.0,1,2,0.4497429540846446,0.0930378952879581,0.0,0.0,1.0,0.2304208747921484,2.568527918781726,2.0,0,23,2.862784495350393,2.34010152284264,1.0,0,19,3.355024558115617,13.213197969543147,8.0,2,85,13.24976813144814
line_armeria,6.442152991077959,5.0,0,61,6.504717326656343,1.3111013602457218,1.0,1,24,0.8401572241647223,0.2223446842921695,0.0,0.0,1.0,0.3243667806956129,8.06479450051192,3.0,0,304,15.140913575551576,12.398420359806932,6.0,0,230,18.351593087049253,46.03334795963142,18.0,1,1306,79.0446359711657
spring-projects_spring-authorization-server,10.274480712166172,7.0,0,79,10.217415213872512,1.3946587537091988,1.0,1,11,0.8240630426349553,0.3072442348961424,0.0,0.0,1.0,0.3465663126485034,8.522255192878339,5.0,0,68,10.180405834741553,19.72700296735905,11.0,0,182,26.83685143911119,55.08605341246291,28.0,2,624,74.37802533112598
sofastack_sofa-boot,5.153259949195597,3.0,0,45,5.4562403978361615,1.1981371718882303,1.0,1,7,0.534913189359711,0.1855987659001721,0.0,0.0,1.0,0.3055771393397491,5.491955969517358,2.0,0,190,10.903940105072516,7.044030482641829,2.0,0,125,12.8322855017752,27.79847586790856,12.0,2,590,46.41938553672653
bisq-network_bisq,7.488559892328398,4.0,0,117,9.49183056889341,1.7499327052489906,1.0,1,18,1.1700682179570612,0.2146268811170068,0.0,0.0,1.0,0.3137509504383806,9.199192462987886,3.0,0,251,18.398220202440736,15.434185733512786,5.0,0,304,28.365311826726348,48.14804845222073,19.0,1,1307,97.86506235124052
xuexiangjys_XUI,5.733252866626433,3.0,0,53,6.436145747382611,1.6590223295111648,1.0,1,9,0.9448396638811905,0.2726373472900856,0.0,0.0,1.0,0.35601386342223,11.739891369945685,4.0,0,328,24.892315098326552,10.534097767048884,3.0,0,162,17.715926734725056,54.95835847917924,16.0,1,1579,118.39691118836798
ageerle_ruoyi-ai,6.979120879120879,5.0,0,62,7.42343413548002,1.279120879120879,1.0,1,6,0.599874663021168,0.2852839763291139,0.0,0.0,1.0,0.3616033298460681,6.467032967032967,2.0,0,91,11.244776858104876,9.994505494505496,0.0,0,195,19.673489126173312,29.896703296703297,13.0,1,491,46.37343386743907
OpenTSDB_opentsdb,7.139874739039666,4.0,0,65,7.678169789172224,1.2839248434237995,1.0,1,16,0.8014957559470774,0.2372201832539185,0.0,0.0,1.0,0.3297873043754886,18.05010438413361,5.5,0,266,30.49476366975745,15.704592901878916,6.0,0,207,24.0880351545823,109.223382045929,23.0,1,3181,217.12974754464344
Sayi_poi-tl,6.398095238095238,4.0,0,58,7.60571777874013,1.2057142857142855,1.0,1,4,0.5274576375719036,0.2865703344145873,0.0,0.0,1.0,0.3526477026792051,8.982857142857142,4.0,0,264,19.21825456733907,11.06857142857143,5.0,0,309,21.978195797483945,43.43047619047619,23.0,1,926,69.7541855208243
apache_ignite,5.599317537367233,3.0,0,208,8.8557943866402,1.6583361368770126,1.0,1,96,1.5314027071664744,0.2408665593660203,0.0,0.0,1.0,0.3410047333822713,12.135963858316911,3.0,0,23550,194.7275220946169,12.2457346085452,3.0,0,4513,41.862406138730805,52.78680251838323,14.0,1,55961,437.3584926946909
javastacks_spring-boot-best-practice,5.0,4.0,0,24,3.642532256152772,1.0923076923076922,1.0,1,4,0.3393327407739223,0.0879710289820359,0.0,0.0,1.0,0.2247332048655703,2.056410256410256,1.0,0,43,3.787104739117853,4.0256410256410255,1.0,0,39,6.013246457884183,12.287179487179488,8.0,2,137,13.818021616177337
2227324689_gpmall,4.97877358490566,3.0,0,37,5.964197548124933,1.3608490566037736,1.0,1,5,0.6446544960229523,0.2230225803448275,0.0,0.0,1.0,0.3360740617227319,4.0825471698113205,2.0,0,64,6.4858658564555,5.382075471698113,0.0,0,81,11.611735297872592,20.90801886792453,9.0,1,280,30.92694865388165
jankotek_mapdb,3.2395437262357416,2.0,0,43,4.115650980966015,2.022813688212928,1.0,1,54,3.553228355678562,0.1484851874615384,0.0,0.0,1.0,0.2814090784690863,15.669201520912548,4.0,0,263,35.79928250658038,9.612167300380229,4.0,0,193,21.283836201512635,76.79847908745248,18.0,2,1496,198.31046212187337
wequick_Small,3.8,2.0,0,29,4.952820891432346,1.4756756756756757,1.0,1,7,0.8279773040254175,0.1386751604999999,0.0,0.0,1.0,0.2901279770308555,7.221621621621622,1.0,0,165,19.29236071969059,7.210810810810811,2.0,0,96,15.028013402942284,41.76216216216216,6.0,2,755,110.81176595272056
Trinea_android-common,4.445454545454545,3.0,0,22,4.243908453984939,1.2454545454545454,1.0,1,4,0.6234906712862545,0.468039524537037,0.45,0.0,1.0,0.4261080345317831,16.563636363636363,7.0,0,140,24.541867343594543,9.645454545454545,4.0,0,73,13.934701165812053,61.054545454545455,22.0,1,502,91.92316659651658
yipianfengye_android-zxingLibrary,4.711538461538462,3.0,0,28,5.709766447136402,1.3269230769230769,1.0,1,3,0.5848128189279914,0.3221675669230769,0.0,0.0,1.0,0.3900313806489636,7.634615384615385,2.0,0,44,11.635019563426926,8.25,4.0,0,55,11.287464850226469,38.80769230769231,15.5,1,191,49.156827248698335
apache_maven,5.313715046604528,3.0,0,147,7.17723053593675,1.5342210386151798,1.0,1,10,0.8125206602082826,0.188366434103309,0.0,0.0,1.0,0.3152458832120315,8.609054593874834,3.0,0,573,21.292794147713234,11.617310252996006,7.0,0,403,21.89466643825864,44.63595206391478,19.0,1,1814,91.0680592097119
youlookwhat_CloudReader,4.747967479674797,3.0,0,44,5.51626884131782,1.4552845528455285,1.0,1,10,0.922690059197208,0.2004475663265306,0.0,0.0,1.0,0.3311729829752451,7.176829268292683,3.0,0,81,11.133664465350265,8.154471544715447,3.0,0,96,12.485124359415265,39.41666666666666,16.0,2,511,57.308462236009056
Kodezi_Chronos,3.2,2.0,2,6,1.7888543819998317,1.0,1.0,1,1,0.0,0.2277777879999999,0.25,0.0,0.5555556,0.2360294138005107,3.0,2.0,1,5,1.8708286933869709,4.4,2.0,1,12,4.722287581247038,15.6,11.0,9,25,7.733045971672482
HeliBorg_HeliBoard,6.669456066945607,4.0,0,74,9.098639437787394,1.4644351464435146,1.0,1,7,0.9154318876598144,0.4673092496452992,0.55555555,0.0,1.0,0.3762550444467616,24.10041841004184,10.0,0,516,50.58488123845139,18.06694560669456,6.0,0,340,39.52708511183446,94.82426778242676,42.0,2,1442,170.16895483640036
rubensousa_GravitySnapHelper,6.857142857142857,6.0,0,18,6.175990377490653,1.5714285714285714,1.0,1,3,0.7867957924694431,0.3107106857142857,0.0,0.0,0.88651323,0.400532699000678,25.285714285714285,5.0,1,129,46.79285659768411,14.142857142857142,6.0,0,56,20.11159343453896,85.71428571428571,17.0,3,412,148.32701966231494
JodaOrg_joda-time,8.579892280071814,6.0,0,78,8.188834167593502,2.2836624775583485,2.0,1,17,1.872357288001214,0.4812823436576576,0.5833333,0.0,1.0,0.4259745642204419,28.631956912028727,15.0,0,203,35.15053831487476,22.07181328545781,12.0,0,200,29.330267945404927,164.50987432675043,56.0,2,1625,247.51201262792893
DingMouRen_LayoutManagerGroup,4.9523809523809526,3.0,0,17,4.32706624679441,1.5714285714285714,2.0,1,3,0.5301942953139068,0.2867176409677419,0.0,0.0,0.90816325,0.3420613677264873,5.619047619047619,3.0,0,44,8.07510825140378,7.238095238095238,3.0,0,49,10.61604732607636,36.26984126984127,15.0,3,290,48.944078144942814
spring-attic_spring-mvc-showcase,5.172413793103448,5.0,0,19,3.685618951253846,1.206896551724138,1.0,1,3,0.4495073595656585,0.1221700105263157,0.0,0.0,0.8571428,0.2392557411073176,5.517241379310345,4.0,0,24,4.914144923247458,5.689655172413793,3.0,0,29,6.875348531010448,22.08620689655172,18.0,1,104,19.02471567231908
rstudio_rstudio,4.899721059972106,2.0,0,275,10.090322317425658,1.2769874476987448,1.0,1,12,0.6364462870146613,0.2185682300227628,0.0,0.0,1.0,0.363438784833061,8.117712691771269,2.0,0,1428,33.34259085991249,7.68884239888424,1.0,0,927,24.27135045064433,32.96638772663877,9.0,1,5316,117.67988127377892
orhanobut_dialogplus,5.241379310344827,3.0,1,28,6.29430112093354,1.0344827586206895,1.0,1,2,0.1856953381770519,0.1986598762068965,0.0,0.0,0.9510581,0.3468204952318834,8.517241379310345,2.0,1,65,13.983716779718096,5.482758620689655,1.0,0,65,12.662150262142832,36.10344827586207,8.0,3,262,63.94939116631113
roncoo_roncoo-pay,5.2055837563451774,3.0,0,59,6.222414485131446,1.281725888324873,1.0,1,5,0.6571749748524848,0.3755663286734694,0.3875,0.0,1.0,0.3681537272546409,11.926395939086294,7.0,0,205,19.655096360279995,10.52284263959391,4.0,0,338,22.24123433795746,50.53299492385787,28.0,1,1032,83.08137081043158
alibaba_UltraViewPager,5.208333333333333,2.0,0,25,6.852350702126063,1.375,1.0,1,2,0.4945353550468402,0.2390680245833333,0.0,0.0,0.90746766,0.3826105307901188,16.833333333333332,3.5,0,95,26.308647390852915,12.791666666666666,2.0,0,88,22.403375457373784,63.25,13.5,1,356,101.1667800777723
querydsl_querydsl,5.197710396039604,3.0,0,81,6.187583113796241,1.986695544554456,1.0,1,23,2.138968583495562,0.2642010889938962,0.0,0.0,1.0,0.3750362671146626,6.428836633663367,2.0,0,273,16.715523862081806,6.629331683168317,1.0,0,316,15.246676318695824,30.518564356435643,12.0,1,1292,68.27002499369412
spring-cloud_spring-cloud-netflix,7.364016736401673,6.0,0,56,6.803771366414469,1.192468619246862,1.0,1,5,0.5068706244136305,0.1889471137142857,0.0,0.0,1.0,0.2975303774670182,7.2426778242677825,2.0,0,240,20.31226030872852,8.640167364016737,4.0,0,73,12.20776966968193,33.58995815899581,12.0,2,603,63.37555846967173
frogermcs_InstaMaterial,4.7875,2.0,0,34,6.377757532177004,1.5375,1.0,1,4,0.8560100259675478,0.24322497225,0.0,0.0,1.0,0.3698709165290407,4.5375,1.0,1,32,6.394110719930816,7.65,2.0,0,46,12.241349309262947,27.7875,7.0,3,193,43.46676127160889
react-native-config_react-native-config,4.6,4.0,1,12,2.9451119181664924,1.5,1.0,1,3,0.6882472016116853,0.170833337,0.0,0.0,0.75,0.2789849564631552,4.1,3.0,1,25,5.359693628321836,3.75,1.0,0,25,5.946029192485918,22.15,13.5,5,90,20.54334314001548
orientechnologies_orientdb,6.546397807361003,5.0,0,225,9.147444446940362,1.6231401722787784,1.0,1,7,0.9621325311855066,0.3010356301949622,0.0,0.0,1.0,0.3478760564335064,21.38371182458888,6.0,0,16757,240.64210247831087,15.67247454972592,7.0,0,1648,36.53524562239589,88.64584964761158,29.0,1,37492,560.157786440753
react-native-webrtc_react-native-webrtc,6.119402985074627,4.0,0,58,9.421964004324089,1.1492537313432836,1.0,1,2,0.359027784156703,0.2156489988059701,0.0,0.0,0.875,0.3283844533566986,12.223880597014926,4.0,1,232,32.129860035875055,11.462686567164178,4.0,0,151,23.419965814099825,61.791044776119406,18.0,3,1126,155.8542964976285
Devlight_NavigationTabBar,4.017241379310345,2.0,0,41,6.010200041363439,1.3103448275862069,1.0,1,4,0.5683739981868294,0.1055502619642857,0.0,0.0,0.9681406,0.2750250983095699,8.362068965517242,2.0,0,259,34.34280142445242,7.862068965517241,3.0,0,150,20.11148600497968,43.75862068965517,10.0,3,1150,152.07850123674615
amitshekhariitbhu_RxJava2-Android-Samples,3.6648648648648647,2.0,0,37,4.374594156096345,1.254054054054054,1.0,1,3,0.4607381805052878,0.1888588582162162,0.0,0.0,1.0,0.3425945203917257,2.8162162162162163,3.0,0,34,3.085512563429848,4.627027027027027,3.0,0,32,5.142145162698694,21.57837837837838,15.0,2,188,24.10203778971648
angryip_ipscan,5.063186813186813,4.0,0,33,4.794265026473615,1.6895604395604396,1.0,1,24,1.6646712542621585,0.1913844547910863,0.0,0.0,1.0,0.293446399212604,6.40934065934066,4.0,0,58,7.428262654581467,9.032967032967033,5.0,0,64,11.10252799192969,33.994505494505496,18.0,1,370,40.99546400396995
DiUS_java-faker,4.115555555555556,4.0,0,94,6.382522017320998,1.448888888888889,1.0,1,2,0.4984897827358786,0.0986690212444444,0.0,0.0,1.0,0.2429508846086916,7.346666666666667,4.0,0,111,11.237087828131578,8.044444444444444,5.0,0,122,12.62960587051094,29.822222222222223,17.0,1,520,49.60085724745632
traex_RippleEffect,3.421052631578948,2.0,0,18,5.091559349372954,1.368421052631579,1.0,1,2,0.4955946277833521,0.1358855368421052,0.0,0.0,0.9151585,0.2833348768050552,5.052631578947368,1.0,1,59,13.21393912255172,5.789473684210527,1.0,0,60,13.954604765167904,26.526315789473685,5.0,3,259,59.8213715258023
fuzhengwei_small-spring,3.472,2.0,0,22,4.017161048265371,1.2506666666666666,1.0,1,9,0.8280466889451849,0.1822970937599999,0.0,0.0,1.0,0.297880832362413,7.189333333333333,3.0,0,206,16.366749040456924,4.997333333333334,1.0,0,103,10.791286509384747,27.677333333333333,10.0,1,759,67.12001298124498
Threekiii_Awesome-POC,7.0,7.0,7,7,,2.0,2.0,2,2,,0.375,0.375,0.375,0.375,,7.0,7.0,7,7,,11.0,11.0,11,11,,42.0,42.0,42,42,
zhkl0228_unidbg,5.280977312390925,4.0,0,114,6.628741522957516,1.6119837114601512,1.0,1,34,1.306871143608897,0.2239611270932551,0.0,0.0,1.0,0.3230830289591963,11.20127981384526,3.0,0,796,41.85374472061934,8.592786503781268,3.0,0,322,20.93833385290919,54.85282140779523,15.0,1,4707,239.9617157132404
cglib_cglib,3.216867469879518,1.0,0,72,5.344204313550884,1.5321285140562249,1.0,1,15,1.1593257109955133,0.1671742030527383,0.0,0.0,1.0,0.3087923259237385,7.379518072289157,2.0,0,481,26.87676889819752,6.389558232931727,1.0,0,151,15.567237542798209,35.48192771084337,9.0,2,1232,97.96712725621695
Ramotion_folding-cell-android,4.142857142857143,2.0,0,19,4.51979771987325,1.3333333333333333,1.0,1,2,0.4830458915396479,0.195593542,0.0,0.0,0.86,0.3155780818715455,7.904761904761905,1.0,0,67,15.952757635922268,7.333333333333333,3.0,0,63,13.965433517558036,38.66666666666666,10.0,1,304,67.39164142038189
reactive-streams_reactive-streams-jvm,3.122004357298475,3.0,0,17,2.646233112477147,1.2766884531590414,1.0,1,7,0.7982794905825402,0.0953573307843137,0.0,0.0,1.0,0.2338180670114182,4.649237472766885,2.0,0,85,9.209417909848774,3.525054466230937,2.0,0,78,6.013533113746642,34.287581699346404,13.0,1,809,84.74830496708518
mock-server_mockserver,7.27321911632101,5.0,0,80,7.594424530009954,1.6871055004508566,1.0,1,7,1.1137577499179114,0.2525049123842105,0.0,0.0,1.0,0.3094062183289004,12.567177637511271,6.0,0,277,23.325785712831703,16.04508566275924,8.0,0,175,21.27798106221101,58.732191163210096,27.0,1,1358,109.45113089800174
spring-cloud_spring-cloud-gateway,7.02572347266881,5.0,0,138,7.468419801225206,1.3657556270096465,1.0,1,10,0.7770756025795594,0.2144786313892022,0.0,0.0,1.0,0.3138507398133802,5.657556270096463,3.0,0,85,8.459173590649064,10.520900321543408,6.0,0,151,14.570229861720188,34.38906752411575,18.0,1,621,49.89860750389028
micrometer-metrics_micrometer,5.75359444719881,4.0,0,98,6.602238393581637,1.289538919186911,1.0,1,8,0.6542403170531145,0.2319798880546991,0.0,0.0,1.0,0.3217036216221814,7.37729300941993,4.0,0,101,11.064293528268232,10.72583044124938,4.0,0,151,17.268700816617752,42.42290530490828,18.0,1,882,73.74272314710282
mcxiaoke_packer-ng-plugin,2.806451612903226,2.0,0,10,2.4415753772064144,1.3870967741935485,1.0,1,4,0.8823234234995204,0.3529739089655172,0.0,0.0,1.0,0.4063709775367775,11.935483870967742,6.0,0,42,12.082867992522766,13.0,9.0,0,66,14.84811997077969,57.29032258064516,29.0,2,260,63.2714751676652
deepjavalibrary_djl,6.523381294964029,5.0,0,46,5.597051677463931,1.4646282973621103,1.0,1,8,0.9744526310399036,0.3742881568123486,0.375,0.0,1.0,0.3486293750721398,10.87230215827338,5.0,0,337,23.77544165500715,13.73621103117506,7.0,0,292,20.88066951130596,58.11390887290168,31.0,1,1064,91.11058548067378
andkulikov_Transitions-Everywhere,6.870466321243524,5.0,0,31,6.074091863720199,1.6787564766839378,1.0,1,11,1.346451550903035,0.2097229071052631,0.0,0.0,1.0,0.3256644877432709,10.652849740932645,3.0,0,363,29.66863356067335,7.202072538860104,3.0,0,144,13.132164546723084,49.14507772020725,13.0,3,1191,109.534144643725
oracle_opengrok,5.2926829268292686,3.0,0,77,6.801178069690977,1.627177700348432,1.0,1,7,1.2899017810817808,0.3494913569478798,0.33333334,0.0,1.0,0.3667070376733692,11.91637630662021,4.0,0,336,25.731054382904773,14.121080139372822,4.0,0,317,27.02900005215147,62.26219512195122,24.0,1,1504,114.4396075803559
claritylab_lucida,5.914179104477612,4.0,0,50,6.869305914215958,1.544776119402985,1.0,1,5,0.7848344527536233,0.326194616402985,0.0,0.0,1.0,0.363843449964603,21.26865671641791,9.0,0,266,33.61539779588139,16.809701492537314,11.0,0,108,19.73146451851436,86.6455223880597,39.0,3,2103,164.09211495258916
tencentmusic_supersonic,6.288224956063269,4.0,0,60,7.320256723634899,1.2899824253075571,1.0,1,4,0.6251162070672748,0.2840076632078978,0.0,0.0,1.0,0.3601182778813812,8.49121265377856,3.0,0,228,18.36238392668581,12.883128295254831,2.0,0,231,24.948239399447864,40.90861159929701,14.0,1,906,83.54017511385202
tuguangquan_mybatis,3.734359961501444,2.0,0,70,5.172429816025486,1.304138594802695,1.0,1,7,0.8211394193989802,0.2352163533704062,0.0,0.0,1.0,0.3296163381839356,7.189605389797882,4.0,0,237,13.567772074078782,7.230991337824832,2.0,0,210,14.234431446730786,37.64966313763234,17.0,1,1009,74.186250000878
ronmamo_reflections,2.771573604060914,1.0,0,44,5.445800109962451,1.1522842639593909,1.0,1,5,0.5021965632792413,0.0800599690355329,0.0,0.0,0.9629629,0.228377417664458,4.736040609137056,1.0,0,77,11.02045271850442,7.959390862944162,0.0,0,148,19.012841407916103,24.274111675126903,8.0,2,266,41.89851672704226
grobidOrg_grobid,5.21578947368421,3.0,0,65,7.2040871399330255,1.2456140350877194,1.0,1,6,0.5833272768602613,0.3352290216236364,0.18181819,0.0,1.0,0.3649859363347849,29.7140350877193,8.0,0,1195,79.41369499056826,18.059649122807016,8.0,0,363,35.532701637240706,113.65438596491228,39.5,1,3427,254.5808123309601
dromara_dynamic-tp,4.842756183745583,4.0,0,28,4.360117985809895,1.2897526501766785,1.0,1,7,0.6711244894225651,0.2028941979629629,0.0,0.0,1.0,0.3073086466523615,6.457597173144876,3.0,0,239,13.654684588351165,8.037102473498233,4.0,0,123,12.591345591392129,32.609540636042404,15.0,1,1303,77.51287313559932
zq2599_blog_demos,4.007454739084132,3.0,0,51,4.264428054835839,1.1922257720979763,1.0,1,16,0.6719933912519707,0.1641263188648057,0.0,0.0,1.0,0.2824733555093799,6.362619808306709,2.0,0,273,16.034227772529125,6.164536741214057,2.0,0,209,13.208506932250518,28.23748668796592,11.0,1,997,63.23860356449202
saiwu-bigkoo_Android-ConvenientBanner,4.827586206896552,3.0,0,22,5.359030865992478,1.4482758620689655,1.0,1,3,0.6858887298634484,0.2460474772413793,0.0,0.0,0.8666666,0.3423354569861345,6.655172413793103,3.0,0,46,8.921386271478559,7.275862068965517,4.0,0,42,10.643229074071115,29.24137931034483,15.0,1,173,39.11489958389422
TheoKanning_openai-java,5.387878787878788,4.0,0,81,8.234066563997402,1.084848484848485,1.0,1,4,0.372958845013642,0.2394853532835821,0.0,0.0,1.0,0.3101916559300476,2.709090909090909,0.0,0,111,10.98614325779113,5.090909090909091,0.0,0,132,14.320724442525886,16.866666666666667,7.0,1,394,35.622775212230984
etsy_AndroidStaggeredGrid,5.861111111111111,3.0,0,32,6.586361569953379,1.8611111111111112,1.5,1,7,1.4172967786353563,0.3448935794117647,0.21666667,0.0,1.0,0.3771828310083715,24.27777777777778,5.5,0,378,70.01330939231121,15.416666666666666,5.0,0,195,35.771796552192185,111.38888888888889,27.5,2,1830,326.6939395806573
nisrulz_android-tips-tricks,1.0,1.0,1,1,,1.0,1.0,1,1,,0.25,0.25,0.25,0.25,,6.0,6.0,6,6,,2.0,2.0,2,2,,22.0,22.0,22,22,
kyleduo_SwitchButton,4.37037037037037,2.0,0,30,6.215044700304305,1.4074074074074074,1.0,1,3,0.6360490582953523,0.1089109796296296,0.0,0.0,0.9544853,0.2476608621277112,11.703703703703704,2.0,1,216,41.20848943045112,9.74074074074074,2.0,0,141,27.37993733851429,57.14814814814815,9.0,5,933,177.95693163141894
zlt2000_microservices-platform,6.356125356125356,5.0,0,41,5.731737290980141,1.2507122507122508,1.0,1,4,0.5853871049810225,0.194960845,0.0,0.0,1.0,0.3105819957147506,4.678062678062678,2.0,0,53,7.717257300107353,7.2250712250712255,2.0,0,81,11.910285995512975,21.83760683760684,10.0,2,233,30.32310498564908
hongyangAndroid_baseAdapter,4.88,3.0,0,21,4.855630016500728,1.32,1.0,1,3,0.551065757771026,0.1708889192,0.0,0.0,0.9166667,0.3060233739690988,6.54,3.0,1,35,8.762652659591904,6.36,2.5,0,33,8.314629349796045,31.26,12.0,3,174,40.09468894545327
saysky_ForestBlog,5.104651162790698,3.0,0,20,5.264820134947781,1.069767441860465,1.0,1,2,0.2562488530553892,0.2087850211842105,0.0,0.0,0.75,0.2646153902515285,6.872093023255814,5.0,0,42,7.435679503943301,6.488372093023256,0.0,0,63,11.446801953637545,28.337209302325583,18.5,2,175,32.91972784717619
stleary_JSON-java,3.144230769230769,1.0,0,46,5.472647376311746,1.1923076923076923,1.0,1,5,0.5924594628207781,0.2937971909708737,0.0,0.0,1.0,0.3635020843859779,29.10576923076923,5.5,0,565,75.32569002699753,16.115384615384617,2.0,0,268,40.25026266387375,125.46153846153848,21.5,1,2317,309.4643641537831
google_cameraview,4.833333333333333,3.0,0,26,5.312753722193045,1.2638888888888888,1.0,1,3,0.581233645671618,0.2003566797142857,0.0,0.0,0.90625,0.3204863877828967,7.958333333333333,3.0,0,97,16.158926805111708,7.569444444444445,4.0,0,66,12.882815706672258,41.43055555555556,13.0,3,512,82.95609332294596
karma9874_AndroRAT,2.8545454545454545,2.0,0,16,3.7683780862160576,1.1636363636363636,1.0,1,2,0.37335497772755,0.1083814353703703,0.0,0.0,0.75,0.2212845442658194,4.836363636363636,2.0,0,34,7.475301644758871,7.418181818181818,3.0,0,47,10.77839215160301,32.6,11.0,5,240,54.11120237272706
spring-attic_spring-security-oauth,6.064064064064064,4.0,0,54,6.466183027551223,1.6026026026026026,1.0,1,24,1.569764809245616,0.2166473986613065,0.0,0.0,1.0,0.3151738364807456,6.8108108108108105,3.0,0,130,11.321466090224687,8.253253253253254,3.0,0,147,12.678897262716658,35.23923923923924,14.0,1,536,55.169749177156525
cjlin1_libsvm,3.264705882352941,1.5,0,18,4.04001817824752,1.3529411764705883,1.0,1,5,0.8835998319950069,0.2911992071428572,0.0,0.0,1.0,0.355783234846599,25.029411764705884,1.0,0,360,65.1885309182517,7.647058823529412,1.5,0,55,14.647126831589784,92.70588235294116,6.0,3,1089,205.98198353280063
hansonwang99_Spring-Boot-In-Action,3.8656716417910446,3.0,0,14,3.3511103418045134,1.1194029850746268,1.0,1,4,0.425587186042241,0.2232009724242424,0.0,0.0,1.0,0.3408394815462754,4.768656716417911,2.0,0,28,5.965961315883947,4.58955223880597,1.0,0,26,6.845461354166418,20.253731343283583,8.5,2,106,24.65024106309377
SPLWare_esProc,6.5787890184279805,5.0,0,87,7.487894511907837,2.1673561489281683,2.0,1,16,1.4967391837746524,0.3130582821327501,0.0,0.0,1.0,0.3712423465278332,39.168484392628805,10.0,0,3169,143.51028220371933,18.53065062053404,9.0,0,415,31.3478040723097,161.16096276795787,45.0,1,11617,516.6364042842208
jgilfelt_chuck,5.833333333333333,4.0,0,27,6.532906075294354,1.380952380952381,1.0,1,4,0.6608339503023748,0.2447306795238095,0.0,0.0,0.9574604,0.3281782745805218,8.904761904761905,3.0,0,83,14.959799013599543,11.761904761904765,4.0,0,76,17.054874882537284,40.42857142857143,17.5,1,261,55.08137787086766
981011512_--,3.541921483527323,2.0,0,371,7.169477608041471,2.910830538567765,2.0,1,3734,52.98472567983801,0.4791050951645692,0.6,0.0,1.0,0.37812444952066,9.836456894851056,1.0,0,720,34.4983196883446,3.704083645689485,0.0,0,397,15.5187981171766,66.69461432235155,10.0,1,23031,488.4552190717906
bytedeco_javacpp,5.911627906976745,5.0,0,65,6.981725454942318,2.0093023255813955,2.0,1,13,1.2417604991076576,0.3089611628292683,0.0,0.0,1.0,0.4081105493479606,39.95348837209303,17.0,0,1886,158.41300473619611,16.53488372093023,7.0,0,267,37.77178695255521,126.0,43.0,2,4415,454.6863867330688
bepass-org_oblivion,5.637931034482759,4.0,0,28,6.03701528398098,1.4827586206896552,1.0,1,3,0.7068928629298941,0.24046064125,0.0,0.0,1.0,0.3573324385970068,8.172413793103448,3.0,0,115,15.915498273678258,12.413793103448276,5.5,0,161,23.510381792446893,45.53448275862069,14.5,3,597,86.42413071027103
pardom-zz_ActiveAndroid,3.903225806451613,3.0,0,15,3.7665903066751913,1.935483870967742,2.0,1,7,1.278715643314377,0.2086363666101694,0.0,0.0,0.9210527,0.321731558257636,11.387096774193548,6.0,0,77,15.961382534627468,10.35483870967742,3.5,0,83,16.42478811819676,50.935483870967744,22.0,1,258,63.86278091210564
Heeexy_SpringBoot-Shiro-Vue,5.777777777777778,6.0,0,13,4.901595763181724,1.4074074074074074,1.0,1,4,0.9710921393049906,0.1166666658333333,0.0,0.0,0.8,0.2488621421726565,5.7407407407407405,3.0,0,23,6.442602153409949,7.2592592592592595,3.0,0,35,9.689774914400122,23.444444444444443,13.0,1,99,25.185974933151453
nICEnnnnnnnLee_BilibiliDown,4.209923664122138,2.0,0,18,4.246907461042242,1.7213740458015268,1.0,1,7,1.3542331889492916,0.3499848707442748,0.0166666675,0.0,1.0,0.3766262022867661,16.248091603053435,7.0,0,390,30.72351515235923,17.916030534351144,8.0,0,180,22.508929915600703,75.81297709923665,39.0,2,1138,109.89646531010288
ant-media_Ant-Media-Server,5.689336691855583,2.0,0,99,9.405034168513854,1.329974811083123,1.0,1,6,0.7352584289541865,0.3506548716575107,0.0,0.0,1.0,0.3911233636745601,17.6607892527288,5.0,0,445,42.609492756779,15.978169605373637,2.0,0,527,42.21921017626152,89.34424853064651,19.0,1,4377,258.4933542017524
discord-jda_JDA,8.836464857341683,6.0,0,246,12.575691977767676,1.8190675017397355,1.0,1,7,1.1869055616571649,0.3282217838924274,0.2,0.0,1.0,0.3572547073693257,13.005567153792624,6.0,0,422,25.90253796761021,11.46972860125261,4.0,0,361,21.2139901871776,50.65205288796103,23.0,1,1861,101.09079190425835
ReChronoRain_HyperCeiler,3.940774487471526,3.0,0,64,5.357203024259228,1.4965831435079726,1.0,1,8,0.8960118979613754,0.1692836604183381,0.0,0.0,1.0,0.3103053137478119,6.993166287015946,2.0,0,133,14.931866495332764,7.656036446469248,3.0,0,149,14.112980144349253,33.949316628701595,10.0,1,569,62.311818075686176
rememberber_WePush,6.77536231884058,2.5,0,35,7.775035215066258,1.579710144927536,1.0,1,7,1.4687612304395024,0.4154823276612903,0.48333335,0.0,1.0,0.378600020590571,13.159420289855072,7.0,0,124,17.251190789702434,26.34057971014493,11.0,0,171,37.267289361985895,82.57608695652173,37.0,2,927,123.17861978258038
wdullaer_MaterialDateTimePicker,6.589041095890411,5.0,0,40,7.41401753519484,1.4657534246575343,1.0,1,3,0.6254374420449418,0.2880742702739725,0.0,0.0,1.0,0.3693728360805747,23.02739726027397,7.0,0,295,46.34141794057202,16.301369863013697,6.0,0,157,28.074645011858244,103.23287671232876,31.0,1,1209,194.33044026919893
CalebFenton_simplify,7.916398713826367,7.0,0,39,6.516932379123084,1.4019292604501608,1.0,1,6,0.8438751674303375,0.3161360920363036,0.16666667,0.0,1.0,0.3401409070049627,12.160771704180064,5.0,0,225,20.6444526185288,14.080385852090032,7.0,0,128,19.393962342298927,68.0064308681672,36.0,1,650,88.11414860461957
chewiebug_GCViewer,5.274914089347079,4.0,0,29,4.803018760814061,2.164948453608248,1.0,1,24,2.3356919333847594,0.3077075916551724,0.0,0.0,1.0,0.3502513351695286,13.085910652920962,6.0,0,165,20.387356818556984,16.95189003436426,12.0,0,143,19.28044627295793,70.2852233676976,36.0,1,692,100.55692034451968
zongzibinbin_MallChat,6.236486486486487,5.0,0,62,6.556951219719831,1.2027027027027026,1.0,1,4,0.4649249478419735,0.3019259058490566,0.0,0.0,1.0,0.3470076093803979,4.054054054054054,2.0,0,137,10.468991372967825,7.72972972972973,2.0,0,144,14.884473675139857,20.855855855855857,10.0,1,541,43.48276882390507
gabrielemariotti_cardslib,5.901356350184956,4.0,0,54,6.1082931389728845,2.177558569667078,1.0,1,20,2.038042987094328,0.2457319283854818,0.0,0.0,1.0,0.3637071914742553,7.358816276202219,3.0,0,143,13.939135087663432,7.669543773119606,4.0,0,117,11.27082093755441,39.77435265104809,13.0,3,610,69.29952618204348
linhaojun857_aurora,7.287625418060201,6.0,0,41,6.591957733370746,1.117056856187291,1.0,1,4,0.3613129025305486,0.1710612691071428,0.0,0.0,1.0,0.2837234180824947,3.361204013377926,0.0,0,56,7.255405290405045,6.545150501672241,0.0,0,133,15.544927361422571,16.5752508361204,8.0,1,242,26.702503267024625
romandanylyk_PageIndicatorView,5.513888888888889,4.0,0,34,5.553816237901812,1.5,1.0,1,4,0.712068994916312,0.2829167693055555,0.0,0.0,0.969697,0.3339397771645815,11.73611111111111,6.0,0,148,20.12355711251666,9.5,3.0,0,130,17.961617920161288,49.05555555555556,26.5,1,536,74.46047990237939
yasserg_crawler4j,5.27710843373494,4.0,0,38,5.709028478736602,1.313253012048193,1.0,1,3,0.5615247283691833,0.3531366029268292,0.40833335,0.0,0.97268474,0.3456833715894079,12.759036144578314,6.0,0,85,17.08700145057196,13.867469879518072,9.0,0,99,17.522648121187615,57.06024096385542,32.0,1,396,71.60040696804738
JZ-Darkal_AndroidHttpCapture,4.586750788643533,3.0,0,60,6.348244139108267,1.413249211356467,1.0,1,4,0.7932953887254798,0.3186159000316455,0.0,0.0,1.0,0.3836956636263896,10.429022082018928,4.0,0,150,17.382121343353937,9.8801261829653,3.0,0,155,18.44213022057471,50.1577287066246,19.0,1,796,85.8423288516394
apache_rocketmq-externals,5.749090909090909,4.0,0,30,5.901158884307112,1.250909090909091,1.0,1,4,0.5592202363356255,0.3078364293560606,0.08888889,0.0,1.0,0.3408615932318574,8.16,5.0,0,88,10.226443467080893,10.923636363636364,6.0,0,109,14.396547178758029,42.89090909090909,25.0,1,388,50.7096618758664
Netflix_ribbon,4.385915492957746,2.0,0,50,5.972463746951118,1.2661971830985916,1.0,1,6,0.6619720211856952,0.1635170892146893,0.0,0.0,1.0,0.2990364338938813,5.347887323943662,2.0,0,145,11.438008042065755,6.574647887323944,2.0,0,105,12.24891945160785,30.687323943661973,10.0,1,616,59.11560935382735
objectbox_objectbox-java,5.138888888888889,4.0,0,29,5.208892375060636,1.7651515151515151,1.0,1,30,1.8398948036171647,0.2310628788383838,0.0,0.0,1.0,0.3433030095411623,12.984848484848484,3.0,0,217,26.17264535325216,11.035353535353536,2.0,0,191,21.61407798673052,62.52020202020202,17.5,1,910,119.50692833454924
h2database_h2database,6.0244776119402985,4.0,0,258,10.481878212370471,2.056716417910448,2.0,1,35,1.5352512433170782,0.4227123014846663,0.5,0.0,1.0,0.3674468954504105,31.10865671641791,12.0,0,2359,80.03277488903055,23.26149253731344,11.0,0,945,42.56166702049059,138.35223880597016,51.0,1,8620,309.38639524804347
hussien89aa_AndroidTutorialForBeginners,4.511627906976744,4.0,0,31,4.653822822203819,1.496124031007752,1.0,1,4,0.7301972230131556,0.2046191113385826,0.0,0.0,0.84090906,0.291328532284593,4.914728682170543,3.0,0,76,9.340796780581623,7.015503875968992,4.0,0,53,9.03291247339074,30.67441860465116,15.0,4,302,46.31062965027199
SplashCodes_JAViewer,5.787709497206704,4.0,0,41,6.352002674948252,1.5977653631284916,1.0,1,7,0.9150400806143006,0.2124198842285714,0.0,0.0,1.0,0.3434831023519792,5.759776536312849,2.0,0,135,13.73314500978912,8.391061452513966,4.0,0,102,13.516661731825906,35.245810055865924,15.0,3,894,85.21219990849089
puniverse_quasar,3.386212008895478,2.0,0,80,5.1081612380533405,1.497405485544848,1.0,1,13,1.1706223835997345,0.1843105873685393,0.0,0.0,1.0,0.3196789980640103,9.294292068198663,2.0,0,449,25.969454867010725,6.40177909562639,2.0,0,245,13.833372426063285,39.11786508524833,12.0,1,1259,92.11579225935868
chentao0707_SimplifyReader,4.136075949367089,2.0,0,58,6.299988361666913,1.379746835443038,1.0,1,7,0.8711439911962084,0.2130572830097087,0.0,0.0,1.0,0.3389678734640634,12.454113924050631,3.0,0,384,33.811509525495985,8.862341772151899,2.0,0,246,20.14311016350052,54.91930379746835,13.0,1,1956,154.9492472733454
zhanghai_Douya,5.603697749196141,4.0,0,57,6.353467642029946,1.6254019292604502,1.0,1,14,1.0872764097408247,0.2819249077558139,0.0,0.0,1.0,0.3668923224676264,7.997588424437299,4.0,0,148,13.493748523215563,7.755627009646302,2.0,0,146,13.980900389915424,35.886655948553056,15.0,1,557,56.11636727531096
javagrowing_JGrowing,1.5263157894736843,1.0,0,7,1.6789024540730166,1.0,1.0,1,1,0.0,0.2648148166666667,0.25,0.0,0.6666667,0.2756981000827754,3.1052631578947367,2.0,0,16,3.52601028614661,2.894736842105264,1.0,0,22,5.59657372210003,17.31578947368421,11.0,1,107,23.35725590707889
tiann_epic,3.228187919463087,3.0,0,61,5.287824880274276,1.6241610738255037,1.0,1,3,0.8259025371718791,0.2328241189932885,0.0,0.0,1.0,0.3474525486350889,7.449664429530201,2.0,0,118,17.142264917689644,6.006711409395973,2.0,0,72,11.22165898289174,34.40939597315436,12.0,2,385,65.18922699744628
go-lang-plugin-org_go-lang-idea-plugin,8.120141342756185,6.0,0,150,8.870403046144402,2.073321554770318,2.0,1,24,1.3274342239375527,0.1556502605800359,0.0,0.0,1.0,0.3096965093805049,11.121024734982331,5.0,0,1235,43.78985283114967,8.765901060070671,4.0,0,385,18.761073094138464,40.07332155477032,18.0,1,3762,132.72125951431212
201206030_novel-plus,6.480676328502415,3.0,0,50,7.300427101278718,1.207729468599034,1.0,1,4,0.4619551714058182,0.4166507319512195,0.3888889,0.0,1.0,0.4046999160223186,9.714975845410628,7.0,0,86,10.466870038428498,7.768115942028985,1.0,0,126,13.985095761685812,37.46376811594203,24.0,2,426,41.54763177202493
danielzeller_Depth-LIB-Android-,3.787037037037037,2.0,0,19,4.604043176242908,1.212962962962963,1.0,1,3,0.4334371630540838,0.1747569124537037,0.0,0.0,0.9401041,0.3117796168807481,6.268518518518518,2.0,0,128,14.08758085099421,6.944444444444445,2.0,0,61,12.12692480787896,34.916666666666664,6.0,1,605,73.2408809034546
square_sqlbrite,4.69811320754717,2.0,0,33,5.878402457617941,1.3584905660377358,1.0,1,6,0.7707594182768925,0.1862212448076923,0.0,0.0,1.0,0.3080426476765139,4.745283018867925,2.0,0,89,10.641393858535205,5.6415094339622645,2.0,0,84,11.03948642632677,31.40566037735849,9.0,3,708,76.17783433417796
phishman3579_java-algorithms-implementation,3.567198177676538,3.0,0,47,3.558951558506488,1.5831435079726652,1.0,1,41,2.173268093306907,0.2128663351276102,0.0,0.0,1.0,0.303279280676448,14.665148063781322,8.0,0,269,22.30894412671302,6.767653758542141,5.0,0,58,7.720325525374088,72.34168564920273,31.0,1,1513,128.85373417503556
jacoco_jacoco,4.238045738045738,3.0,0,40,4.4214131686481695,1.4386694386694387,1.0,1,7,0.6940219665047727,0.1868550153006263,0.0,0.0,1.0,0.2916058110575253,6.538461538461538,3.0,0,73,8.73932093523456,6.672557172557172,3.0,0,65,8.792666482967663,38.979209979209976,17.0,1,746,56.777580399341865
jdamcd_android-crop,4.290322580645161,1.0,0,22,5.562934168147218,1.3870967741935485,1.0,1,3,0.6672040844618539,0.2177673279999999,0.0,0.0,0.9114583,0.3562508020475898,11.935483870967742,2.0,0,72,19.243934947355868,12.161290322580646,3.0,0,66,18.5348262723511,54.064516129032256,10.0,1,341,88.41980754102215
IoT-Technology_IoT-Technical-Guide,4.085034013605442,3.0,0,27,4.327416427152893,1.248299319727891,1.0,1,4,0.4918244562518762,0.2558693622641509,0.0,0.0,1.0,0.34651159832743,3.7687074829931975,2.0,0,44,5.851481568710104,4.7312925170068025,1.0,0,48,8.15543791632151,17.806122448979593,9.0,1,179,24.344649143289576
alibaba_dexposed,2.9166666666666665,2.0,0,13,3.237062160134005,1.6944444444444444,1.0,1,6,1.348426478623869,0.3645185161111111,0.25,0.0,1.0,0.3919964910020716,15.97222222222222,3.0,1,233,40.916281154230816,8.555555555555555,1.0,0,92,18.695216262753185,67.05555555555556,19.0,3,899,157.8152526476892
azkaban_azkaban,6.472330475448168,4.0,0,92,8.117783858138615,1.3522992985190958,1.0,1,6,0.797206862028509,0.4044612875888889,0.445436495,0.0,1.0,0.3643648234894009,13.710054559625878,7.0,0,373,23.56711364984801,17.056897895557288,7.0,0,305,26.928008930116324,73.13873733437256,35.0,1,1761,121.9709477465526
castorflex_SmoothProgressBar,4.854166666666667,3.0,0,22,5.002082899486306,1.2291666666666667,1.0,1,3,0.472187455263057,0.1687778960416666,0.0,0.0,0.9166667,0.324349391058605,8.583333333333334,3.0,1,104,17.81444947027772,7.645833333333333,3.0,0,76,13.837183306004572,46.0,12.5,3,573,95.34528517055954
Flipboard_bottomsheet,4.897058823529412,3.0,0,32,5.907596187359632,1.3676470588235294,1.0,1,4,0.6670141032030863,0.1519955152941176,0.0,0.0,0.9521073,0.3086435160228478,6.852941176470588,1.0,0,139,18.275883061240293,6.941176470588236,2.0,0,107,15.343706330883466,37.91176470588236,7.0,1,599,88.14789730801529
Freeyourgadget_Gadgetbridge,5.379522184300341,3.0,0,272,8.631047641257654,1.8339021615472129,2.0,1,55,1.443263870658474,0.2576201078350192,0.0,0.0,1.0,0.341782985683479,11.100796359499432,4.0,0,785,29.8115319046924,10.11854379977247,3.0,0,465,22.64514826181978,55.2778156996587,20.0,1,3293,133.36920034987165
HotBitmapGG_bilibili-android-client,4.92128801431127,3.0,0,48,6.313570846412489,1.8175313059033988,1.0,1,6,1.1711803570234955,0.4626424515090909,0.6150793999999999,0.0,1.0,0.3752684204276342,8.663685152057244,6.0,0,106,11.42521050750648,8.271914132379248,1.0,0,98,15.485145445996071,69.5742397137746,30.0,1,906,111.48888647904194
water8394_flink-recommandSystem-demo,3.727272727272727,3.0,0,16,3.778876063887264,1.077922077922078,1.0,1,2,0.2698066445201162,0.2837915471052631,0.0,0.0,1.0,0.3486477726701901,5.194805194805195,3.0,0,47,6.555509858205179,5.636363636363637,3.0,0,60,9.53650754084298,23.83116883116883,16.0,4,163,26.255025883479405
JakeWharton_NineOldAndroids,4.2898550724637685,2.0,0,19,4.358401398743044,1.434782608695652,1.0,1,4,0.7143627831660234,0.2243227478985507,0.0,0.0,1.0,0.3483794812755847,10.27536231884058,2.0,1,127,20.536159356331524,8.731884057971014,3.0,0,57,13.305253808408445,54.96376811594203,11.0,3,564,96.93608470061356
Meituan-Dianping_Robust,3.523809523809524,2.0,0,13,3.624026161794434,1.261904761904762,1.0,1,3,0.5436786985838643,0.3160638929,0.02173913,0.0,0.92156863,0.3709000846476151,16.833333333333332,6.0,0,115,25.18315025787221,12.238095238095235,3.0,0,79,17.310379691499527,70.30952380952381,34.0,3,356,90.37927889414836
s4kibs4mi_java-developer-roadmap,0.0,0.0,0,0,,1.0,1.0,1,1,,0.0,0.0,0.0,0.0,,1.0,1.0,1,1,,1.0,1.0,1,1,,5.0,5.0,5,5,
flutter-webrtc_flutter-webrtc,6.655555555555556,3.0,0,73,11.558508817852957,1.2222222222222223,1.0,1,5,0.6833127794478923,0.2173926530681818,0.0,0.0,0.9304348,0.3146915620741332,20.72222222222222,5.0,0,461,57.35950648123018,14.377777777777778,4.0,0,307,38.34192054932481,93.94444444444444,16.5,1,2121,264.0223160942183
apache_shiro,5.034013605442177,3.0,0,39,5.220974006417787,1.7862001943634596,1.0,1,11,1.6088773797024591,0.22128309,0.0,0.0,1.0,0.333112680887105,7.966958211856171,3.0,0,146,13.871733028613392,7.828960155490767,3.0,0,173,13.038923209767008,35.84548104956268,14.0,1,721,57.28158000667551
janishar_android-mvp-architecture,5.815068493150685,3.0,0,38,6.53056835954763,1.3835616438356164,1.0,1,5,0.8073820953538472,0.2644812178767123,0.0,0.0,1.0,0.362638630261359,6.815068493150685,3.5,0,41,8.031836157706522,5.938356164383562,3.0,0,71,9.429391030718955,27.732876712328768,12.0,2,191,32.51764318895215
dreamhead_moco,5.811643835616438,5.0,0,72,5.7550456379497765,1.5393835616438356,1.0,1,7,0.8539025316677924,0.2001183495431034,0.0,0.0,1.0,0.2947380752709264,6.402397260273973,3.0,0,143,10.899858894379562,8.931506849315069,5.0,0,104,13.805016879235373,30.659246575342465,15.0,1,604,54.073725005463984
square_android-times-square,4.553191489361702,4.0,0,27,5.656118313435298,1.2340425531914894,1.0,1,4,0.597559018640466,0.1690690953191489,0.0,0.0,0.94052607,0.3187796279384019,9.0,1.0,0,143,22.92710565930736,11.04255319148936,4.0,0,117,21.50425382267274,48.63829787234042,8.0,1,693,123.48779653347108
AsamK_signal-cli,7.015267175572519,4.0,0,131,11.904004007087536,1.5419847328244274,1.0,1,43,2.0778704423741825,0.2804374047115385,0.0,0.0,1.0,0.3600132300305725,13.131679389312977,4.0,0,322,31.56001033940879,15.379770992366412,3.0,0,427,39.05023057277439,56.8530534351145,18.0,1,1436,131.69387474206383
Tencent_GT,3.871428571428571,2.0,0,49,5.108325403138461,1.302857142857143,1.0,1,6,0.6619808997986392,0.2109818848783231,0.0,0.0,1.0,0.3260995515233878,9.304761904761904,3.0,0,315,18.490058034795386,8.523809523809524,4.0,0,148,12.58988293429458,53.01238095238095,18.0,1,1851,117.48048065786531
Snailclimb_guide-rpc-framework,4.690721649484536,4.0,0,22,4.151708545743216,1.2268041237113405,1.0,1,4,0.6535982876733114,0.1779623491860465,0.0,0.0,1.0,0.2825875105330492,4.154639175257732,2.0,0,28,5.60940468875257,8.268041237113403,4.0,0,39,10.458763733425434,24.82474226804124,11.0,2,131,31.0241875764158
Querz_mcaselector,6.8807339449541285,5.0,0,60,7.005676231480769,2.539449541284404,1.0,1,31,3.302016383429708,0.2475870584770642,0.0,0.0,1.0,0.3402239393780173,14.080733944954128,6.0,0,278,24.48065141245187,14.493577981651375,8.0,0,252,24.237952871832253,68.50275229357798,31.0,1,1043,113.17701717520065
robinhood_ticker,4.612903225806452,4.0,0,26,4.758693233475192,1.3225806451612905,1.0,1,4,0.7017642896867651,0.3439506280645161,0.33333334,0.0,1.0,0.3571413288109163,9.935483870967742,3.0,0,86,16.8204944118199,8.806451612903226,5.0,0,77,13.981939195115746,51.0,27.0,1,383,75.58924085697205
crate_crate,7.573529411764706,5.0,0,487,11.083547243768452,1.6511292016806722,1.0,1,15,0.9754740443212846,0.2687742640575415,0.0,0.0,1.0,0.3230608644609586,10.762473739495798,5.0,0,550,21.21682862277584,13.568146008403362,6.0,0,473,24.422513730507497,57.96389180672269,26.0,1,4447,128.9683592901645
ThirtyDegreesRay_OpenHub,6.7560975609756095,4.0,0,48,7.582319290060365,1.632621951219512,1.0,1,9,1.1815773454468113,0.2659210921782945,0.0,0.0,1.0,0.3821761174713212,8.670731707317072,3.0,0,95,13.86064107705125,9.647865853658535,2.0,0,129,17.408678059357168,37.422256097560975,11.0,1,633,58.90818363631436
iterate-ch_cyberduck,6.227356503422854,3.0,0,178,8.700051495603189,1.34768299104792,1.0,1,11,0.7632756770240984,0.1733350378780261,0.0,0.0,1.0,0.2868387642165221,8.129936808846761,3.0,0,439,17.32086821220892,8.513296471827278,4.0,0,442,14.188292965749667,39.86782517114271,17.0,1,2699,81.27190142572306
pytorch_serve,5.800796812749004,3.0,0,36,7.263618888856284,1.4661354581673307,1.0,1,5,0.8999158880571503,0.474896669798387,0.5714286,0.0,1.0,0.3804722899673539,15.693227091633466,7.0,0,190,24.372228333581297,17.163346613545816,6.0,0,150,27.27286584052689,74.68924302788845,35.0,1,1373,130.7154736204735
eirslett_frontend-maven-plugin,5.595959595959596,3.0,0,45,6.246499741355875,1.7272727272727273,1.0,1,4,0.9456471903063652,0.3658229366666666,0.5,0.0,1.0,0.3455807672242059,8.93939393939394,5.0,0,59,11.41143195312399,10.070707070707073,7.0,0,51,12.680736254016526,37.494949494949495,23.0,2,274,49.98660509094243
Ashok-Varma_BottomNavigation,7.533333333333333,5.5,0,33,7.815693025654498,1.4333333333333331,1.0,1,4,0.7279320417946061,0.4323554959999999,0.33333334,0.0,1.0,0.4354724851700914,15.066666666666666,6.0,1,89,18.94262359087957,14.2,7.5,0,71,16.891948704471094,69.7,34.0,5,407,87.09691391658549
awangdev_leet-code,2.0246913580246915,2.0,0,8,1.897203920523406,1.0,1.0,1,1,0.0,0.195109128625,0.0,0.0,1.0,0.2692217781288507,6.395061728395062,4.0,0,37,7.330891849471111,3.728395061728395,2.0,0,22,4.76710694677341,26.03703703703704,17.0,4,145,25.21678233064463
torakiki_pdfsam,6.972136222910216,5.0,0,57,6.48546358482543,1.4009287925696594,1.0,1,18,0.9892127029440264,0.2102607354365079,0.0,0.0,1.0,0.2804011414340033,5.044891640866873,3.5,0,80,5.908041838065563,13.342105263157896,9.0,0,207,15.860017240811086,30.87770897832817,21.0,1,507,38.13324942412208
mywalkb_LSPosed_mod,5.574944071588367,3.0,0,46,7.230856800915112,1.6241610738255037,1.0,1,16,1.2642542072124774,0.2069764186620046,0.0,0.0,1.0,0.3348998919827618,11.210290827740492,3.0,0,270,28.80677208707468,10.906040268456376,1.0,0,205,23.411605228977315,53.977628635346754,12.0,1,1092,128.39311983269582
jitsi_jitsi,5.438607398197078,3.0,0,122,8.258421846417784,1.9011501398818773,1.0,1,103,2.5311839785924977,0.3506213066561326,0.0370879135,0.0,1.0,0.3821425703508975,14.108486167236556,5.0,0,330,28.72382616885316,13.82312713708424,5.0,0,332,25.336874339342344,61.06154802611128,20.0,1,1420,120.04584506400144
geoserver_geoserver,7.526094781043791,5.0,0,153,8.827972069432937,1.820807267118005,1.0,1,68,1.4842421066284197,0.3509086707032985,0.2,0.0,1.0,0.382084251072145,10.977975833404749,5.0,0,436,21.47011887341488,14.85260090838975,6.0,0,421,25.7759831822744,60.48701688233782,25.0,1,2751,114.1971323018814
failsafe-lib_failsafe,6.38655462184874,6.0,0,29,5.354298314639515,2.063025210084034,1.0,1,12,1.7430447944559295,0.1766050037974683,0.0,0.0,1.0,0.2901503559648583,8.029411764705882,4.0,0,61,10.355860999283712,11.949579831932772,7.0,0,89,15.146178718756747,42.12605042016807,22.5,2,364,51.91766520041542
google_open-location-code,4.955223880597015,3.0,0,29,6.2943766048003065,1.1791044776119404,1.0,1,3,0.4581045644275378,0.1956183985074626,0.0,0.0,1.0,0.3052753340214991,7.343283582089552,2.0,0,97,13.57867338413102,8.08955223880597,3.0,0,49,12.02992650080016,34.25373134328358,16.0,2,346,53.58067926418607
jeasonlzy_ImagePicker,5.828947368421052,3.0,0,29,6.270328344182596,1.486842105263158,1.0,1,4,0.7744834158350383,0.2416821873333333,0.0,0.0,1.0,0.3453529487304987,8.828947368421053,3.0,0,110,16.55970060751481,10.973684210526317,4.5,0,92,16.34378469772574,48.48684210526316,13.0,1,514,82.69840682400158
apache_streampark,7.470588235294118,5.0,0,62,7.885538833147399,1.2816399286987523,1.0,1,6,0.6457289503034497,0.3114304976889763,0.0,0.0,1.0,0.3608435440376403,8.96078431372549,4.0,0,179,16.371312957584742,14.404634581105167,4.0,0,245,27.84398973201556,42.31016042780749,20.0,1,563,69.2173599210379
bingoogolapple_BGARefreshLayout-Android,5.148148148148148,3.0,0,24,5.570800339728644,1.4074074074074074,1.0,1,4,0.7522682516424986,0.1654109994375,0.0,0.0,0.9380342,0.2995811265330819,6.716049382716049,2.0,0,189,17.76711636837097,7.54320987654321,3.0,0,100,12.16965923030572,33.641975308641975,10.0,1,562,64.09577628587415
brianway_java-learning,1.0849933598937582,1.0,0,6,1.1242967216473214,1.2868525896414342,1.0,1,4,0.5131772129698502,0.0515490832786885,0.0,0.0,1.0,0.1639156152789927,2.2948207171314743,2.0,0,13,1.9090175848738176,3.6281540504648073,2.0,0,49,4.592124840496497,14.586985391766268,12.0,1,103,11.11356706678484
apache_fory,5.334725848563969,3.0,0,147,8.474697749734654,2.1300261096605744,1.0,1,94,4.162994630550077,0.2014757377736318,0.0,0.0,1.0,0.3265365692844033,9.83603133159269,3.0,0,552,28.9954462053419,10.036553524804178,2.0,0,314,22.97644790735791,54.33054830287206,14.0,1,2013,140.33265033376662
alibaba_fastjson2,2.839300244100895,2.0,0,199,4.8195818151073455,1.1942636289666395,1.0,1,113,1.5504586184226676,0.1450587471874504,0.0,0.0,1.0,0.2761157954097246,7.858624898291294,1.0,0,2960,68.16628943861005,4.5240032546786,0.0,0,280,12.970622170527534,43.187550854353134,10.0,1,7497,228.988124138486
bjmashibing_InternetArchitect,4.739507959479016,3.0,0,25,4.618035129056233,1.1562952243125904,1.0,1,14,0.6800683211354154,0.2368866587740029,0.0,0.0,1.0,0.3497846480732554,9.254703328509407,3.0,0,135,16.849511764060725,6.548480463096961,2.0,0,118,10.665882618681277,64.54992764109986,15.0,1,5210,295.9324027482823
M66B_FairEmail,4.728447263330985,2.0,0,142,7.904090336054493,1.2701432933991073,1.0,1,16,0.794621134452967,0.1205257710488036,0.0,0.0,1.0,0.2730552243420511,11.92952783650458,2.0,0,1437,52.4641859098563,10.756636128729152,3.0,0,569,28.36264832946068,57.37138830162086,10.0,1,8543,278.6505941616976
mcxiaoke_android-volley,5.090909090909091,3.0,0,27,5.390767546441236,1.893939393939394,1.0,1,31,2.7580764836074865,0.2232802341692307,0.0,0.0,0.9485294,0.3104648764795597,7.0,4.0,0,67,10.022112955440235,6.0,2.0,0,62,10.066951447701618,37.61363636363637,20.0,1,370,51.53486150204245
camunda_camunda-bpm-platform,6.280310832319072,4.0,0,325,7.597424345289687,1.6484411571950193,1.0,1,22,1.0984708704841386,0.2704448547294507,0.0,0.0,1.0,0.3536591331225021,9.279842711356617,3.0,0,908,23.95958392789261,11.247074243984644,4.0,0,575,22.525206378296364,50.92378990731205,15.0,1,3720,141.88711223520002
ongakuer_CircleIndicator,6.511111111111111,5.0,0,23,5.141728672088186,1.6222222222222222,2.0,1,3,0.6838689696694591,0.253284258,0.0,0.0,1.0,0.3391182198803791,6.622222222222222,3.0,1,48,9.276776695522312,7.555555555555555,6.0,0,45,7.961713941664125,38.04444444444445,24.0,3,222,43.47462977810661
grantland_android-autofittextview,5.375,4.0,0,16,5.153015760559192,1.375,1.0,1,2,0.5175491695067657,0.22726933625,0.0,0.0,0.88958323,0.3587889829148763,14.0,3.0,1,70,23.85072625429136,11.125,2.5,0,50,17.108373054485003,58.75,15.0,3,298,99.91675106235762
aporter_coursera-android,4.233552631578948,4.0,0,41,3.661284046216175,1.488486842105263,1.0,1,4,0.6313075887831938,0.206261431983471,0.0,0.0,1.0,0.3072127004274792,4.728618421052632,2.0,0,290,14.412390676337152,7.190789473684211,5.0,0,144,10.278964654451697,29.875,14.0,3,1648,82.51208787686208
nining377_dolby_beta,4.135135135135135,4.0,0,57,5.496847723933919,1.454054054054054,1.0,1,3,0.8204567241437628,0.1685578810869565,0.0,0.0,0.9668735,0.2958852715154984,7.021621621621621,4.0,0,63,8.008118677152334,9.697297297297297,7.0,0,63,10.321213025021482,39.47027027027027,23.0,3,455,51.77501949732415
microsoft_malmo,7.050359712230216,5.0,0,49,7.3546799766999165,2.143884892086331,2.0,1,41,2.716605311766015,0.33142549864,0.25,0.0,1.0,0.3367157395602354,16.384892086330936,8.0,0,151,23.000534960562703,13.93884892086331,8.0,0,119,18.522107040284315,68.81294964028777,32.5,1,1333,131.78360275256213
mybatis_spring-boot-starter,4.537142857142857,4.0,0,68,6.407390027322605,1.2228571428571429,1.0,1,4,0.515888762338096,0.135401721849711,0.0,0.0,0.9692307,0.2627276188196125,4.0285714285714285,2.0,0,65,7.363648342565801,5.211428571428572,3.0,0,60,9.564414752437823,25.33714285714285,8.0,2,703,65.93113389800888
zendesk_maxwell,6.108974358974359,4.0,0,60,7.196885462439224,1.6217948717948718,1.0,1,4,0.808658519323168,0.2859637188925081,0.0,0.0,1.0,0.3254617288012588,12.01923076923077,5.0,0,138,19.438573761690865,13.166666666666666,7.0,0,146,19.03502722672001,56.907051282051285,27.0,1,767,86.19487948338299
LibrePDF_OpenPDF,5.944570135746607,4.0,0,130,7.778140682749763,1.8484162895927605,1.0,1,236,5.743792967099578,0.3074802663462636,0.0,0.0,1.0,0.3714952755528564,19.61425339366516,5.0,0,765,49.237588077517294,15.47341628959276,8.0,0,427,29.981250041099763,88.52997737556561,32.0,1,3229,202.0951218195792
JetBrains_fernflower,4.379358437935844,1.0,0,79,7.751987896507566,1.2398884239888424,1.0,1,8,0.6350330909799518,0.2124838461215629,0.0,0.0,1.0,0.3232266069065914,19.343096234309623,3.0,0,616,49.23968851482324,11.454672245467224,1.0,0,245,27.627605841554235,77.43933054393305,14.0,1,3219,205.1244499305915
jboss-javassist_javassist,3.381081081081081,1.0,0,60,5.887570216161151,1.553153153153153,1.0,1,19,1.354405017775962,0.2710353945819592,0.0,0.0,1.0,0.358813873491428,10.95945945945946,2.0,0,494,32.25122830823889,7.715315315315316,1.0,0,235,20.377413716078213,74.97837837837838,12.0,1,30384,919.0209856798706
dromara_hmily,5.371721778791335,4.0,0,37,4.840235038553466,1.2200684150513113,1.0,1,5,0.5719137902183261,0.2354872331710361,0.0,0.0,1.0,0.3345334415073096,6.5917901938426455,3.0,0,132,11.698547156869603,8.58266818700114,2.0,0,129,14.495128159531246,31.36145952109464,12.0,1,563,56.91905669649634
jishenghua_jshERP,5.986522911051213,3.0,0,61,9.961674207296255,1.3288409703504045,1.0,1,4,0.5399734768692802,0.4809906475549451,0.6363637,0.0,1.0,0.3863565532654308,33.77088948787062,12.0,0,430,63.4352942429777,12.716981132075473,1.0,0,341,36.29702106080928,194.7978436657682,66.0,2,1824,327.3277795094405
ChadCSong_ShineButton,4.833333333333333,2.0,0,22,5.7002415407760045,1.625,1.0,1,4,0.8242255917447338,0.2392390173913043,0.0,0.0,0.9273647,0.3555509224863611,7.416666666666667,2.0,0,55,12.503622663458176,8.958333333333334,2.5,0,50,13.527682299854511,41.16666666666666,13.5,3,272,67.11033528041173
yhaolpz_FloatWindow,3.772727272727273,2.0,0,15,4.136415909341426,1.2727272727272727,1.0,1,3,0.5440432764778562,0.1555710509523809,0.0,0.0,0.92481214,0.301681807179873,6.545454545454546,3.5,0,35,7.893048296855308,5.363636363636363,3.0,0,29,6.931864104100477,33.47727272727273,13.0,3,233,48.13763631087747
aws_aws-sdk-java,6.996421183771332,6.0,0,2538,19.00874787683984,1.2055615626909877,1.0,1,71,0.5229654314993685,0.3579876130728402,0.33333334,0.0,1.0,0.3326387894819791,17.336726058953506,8.0,0,1376,26.58973886817752,11.303817403977249,10.0,0,1259,12.339104816522756,50.56029335715293,32.0,1,20918,138.7076361907806
syncthing_syncthing-android,6.514084507042254,2.5,0,49,9.144029494542504,1.6901408450704225,1.0,1,6,1.1247259624727588,0.3024203689999999,0.0,0.0,1.0,0.3669486062056155,11.464788732394366,3.0,0,122,20.62280703040218,15.267605633802816,3.0,0,143,26.611978184246908,59.32394366197183,13.5,1,555,107.15988910960397
powermock_powermock,3.4397163120567376,2.0,0,41,4.0205150471523945,1.2427107959022852,1.0,1,7,0.6448320856323444,0.1443265317888799,0.0,0.0,1.0,0.2800392304929814,4.962174940898345,2.0,0,424,15.121959099300504,5.530338849487785,2.0,0,182,10.653937008495475,25.98581560283688,11.0,1,1431,62.69431462031027
Jacksgong_JKeyboardPanelSwitch,5.2,3.0,0,18,5.066899385990914,1.3,1.0,1,2,0.4629100498862757,0.2648101956,0.0,0.0,0.84615386,0.3180657000141743,6.9,3.0,1,25,6.866808663745466,7.02,2.5,0,30,8.634269641660373,34.72,10.0,3,222,44.54442405381075
hugeterry_CoordinatorTabLayout,5.294117647058823,3.0,1,21,5.565122481607581,1.411764705882353,1.0,1,2,0.5072996561958923,0.2125,0.0,0.0,0.8666667,0.3171049607166549,5.352941176470588,3.0,1,32,7.5161590629006465,7.882352941176471,3.0,0,36,10.902306825513904,27.823529411764707,11.0,3,175,41.93035191558384
codingapi_tx-lcn,4.954954954954955,4.0,0,19,4.036905287049016,1.2117117117117118,1.0,1,4,0.6276060583499811,0.1898711918529411,0.0,0.0,1.0,0.2899872007504691,7.504504504504505,2.0,0,264,23.044467685972783,7.653153153153153,2.0,0,197,18.37496486810356,35.009009009009006,12.0,1,1294,115.15065838550514
jMonkeyEngine_jmonkeyengine,6.579912315663611,4.0,0,75,7.234707999139894,1.4444001594260665,1.0,1,10,0.7269843937170237,0.3245431672291583,0.16666667,0.0,1.0,0.3545497846704144,16.44121163810283,6.0,0,877,34.97147720627602,15.077720207253886,6.0,0,465,23.61125083709753,78.04105221203667,33.0,1,2671,139.03979897286223
oddfar_campus-imaotai,6.339449541284404,5.0,0,27,5.741305080501828,1.4128440366972477,1.0,1,10,1.1695917533791738,0.3508239995,0.1071428599999999,0.0,1.0,0.3863108792322463,8.96788990825688,4.0,0,141,15.81470692026884,10.256880733944952,4.0,0,101,16.31736157725424,35.44954128440367,18.0,2,443,54.965676133237935
googlesamples_mlkit,7.730964467005077,5.0,0,51,8.486706626906575,1.5279187817258884,1.0,1,4,0.6742208152049676,0.278481207857868,0.0,0.0,1.0,0.3272933089792998,9.51776649746193,4.0,0,81,12.80967185158146,14.563451776649746,7.0,0,103,18.28131320540853,54.0,25.0,1,469,73.98331306615633
bingoogolapple_BGABanner-Android,5.0,3.0,0,35,6.016004296234145,1.5849056603773586,2.0,1,3,0.6023659207386686,0.1887217674999999,0.0,0.0,0.9466668,0.2982215944042116,9.88679245283019,3.0,0,226,31.426140746297435,8.30188679245283,4.0,0,107,16.498933422008246,40.0566037735849,12.0,1,816,113.96784551495548
pedrovgs_AndroidWiFiADB,2.8666666666666667,2.0,0,14,3.1484351157616253,1.5,1.0,1,5,1.0747894741730135,0.33719514,0.0,0.0,1.0,0.388910399244817,7.566666666666666,2.0,1,30,8.767822571407235,7.866666666666666,3.0,0,40,10.31481470017036,36.53333333333333,15.5,4,134,39.24962844834755
lilishop_lilishop,7.622279129321383,5.0,0,112,8.224007631848313,1.3143405889884765,1.0,1,4,0.5730766907963138,0.2281782612661812,0.0,0.0,1.0,0.3343592530053358,5.862996158770807,2.0,0,165,12.441243873546629,8.969270166453265,0.0,0,274,20.865828127625967,27.78937259923176,10.0,1,711,54.17984207590836
JFormDesigner_FlatLaf,3.857948139797069,2.0,0,72,5.514612383065239,3.5411499436302143,2.0,1,53,3.956628296889773,0.3233147363337116,0.0,0.0,1.0,0.3729976549658438,17.071025930101467,5.0,0,536,36.55131099739098,18.04171364148816,6.0,0,270,31.509994412093857,86.86245772266065,21.0,1,2541,179.70901743625197
gh0stkey_HaE,4.4361702127659575,2.0,0,19,4.95692957045135,1.702127659574468,1.0,1,6,1.5918460726501378,0.2284232632258064,0.0,0.0,0.89250004,0.3256888723268603,11.074468085106384,4.0,0,83,15.46709261674926,17.595744680851062,8.0,0,113,24.51083550118945,62.54255319148936,24.0,5,403,88.86315018092587
lukas-krecan_ShedLock,6.067599067599067,5.0,0,27,4.677706030527839,2.121212121212121,2.0,1,23,1.9822206051116933,0.2587821829789719,0.0,0.0,1.0,0.3165429770382502,5.116550116550116,3.0,0,34,5.348196589700613,9.067599067599067,4.0,0,65,11.593488305562484,30.151515151515152,19.0,2,178,30.66075879211566
pqpo_SmartCropper,6.25,3.0,1,25,7.387027942155209,1.3333333333333333,1.0,1,2,0.4923659639173309,0.2727525541666666,0.0,0.0,0.9530306,0.3735775646199202,20.75,4.0,1,167,46.92958942539732,16.166666666666668,5.0,0,96,27.222428364504992,85.08333333333333,13.0,4,624,176.31864663589937
bitcoin-wallet_bitcoin-wallet,7.532299741602067,4.0,0,84,9.77762411317408,1.7131782945736431,1.0,1,8,1.1211148119156067,0.2485293450134048,0.0,0.0,0.9583333,0.3206050392335539,8.434108527131784,4.0,0,152,14.423019684062147,13.10077519379845,5.0,0,191,20.871123776348824,47.49095607235142,19.0,1,886,85.13181973543722
dinuscxj_LoadingDrawable,6.507692307692308,4.0,0,31,6.555348667603131,1.446153846153846,1.0,1,3,0.5312358595403162,0.358295376031746,0.0,0.0,0.9189724,0.4136162605929495,10.33846153846154,2.0,0,70,13.28330357426773,9.8,3.0,0,58,14.17105324243756,68.12307692307692,13.0,5,494,95.63954263475236
DTStack_chunjun,7.138802889576883,4.0,0,56,7.431173161060533,1.568627450980392,1.0,1,12,0.8184036203566738,0.4061242981996635,0.4,0.0,1.0,0.3724817067400707,12.5562435500516,5.0,0,287,19.71694864156592,14.687306501547988,8.0,0,283,21.089485421001434,54.50051599587204,29.0,1,1929,88.69350710813583
alibaba_Tangram-Android,5.2595818815331015,3.0,0,50,7.162087781893801,1.6777003484320558,1.0,1,6,1.1435947765791323,0.2066882640497335,0.0,0.0,1.0,0.3288157831885142,9.752613240418118,3.0,0,228,24.85851310491697,7.228222996515679,2.0,0,116,15.587343435325312,42.400696864111495,10.0,1,816,96.91243812168692
code4craft_tiny-spring,3.0849056603773586,2.0,0,12,3.22525133617389,1.150943396226415,1.0,1,3,0.409237451858446,0.1335978858490566,0.0,0.0,0.7777778,0.2386762638582535,3.30188679245283,2.0,0,16,3.508275417653183,3.4150943396226414,1.0,0,24,5.300256821321742,14.556603773584904,11.0,2,61,14.146229643184078
qunarcorp_bistoury,4.837619397501837,3.0,0,55,5.845379892981338,1.2792064658339457,1.0,1,9,0.7235032943251458,0.2997190438541666,0.16666667,0.0,1.0,0.3335281022172988,13.260837619397504,5.0,0,310,26.8017559050148,11.18001469507715,4.0,0,159,18.58523481786222,54.10580455547392,23.0,1,834,92.83568170248289
Manabu-GT_ExpandableTextView,5.133333333333334,4.0,0,24,6.034030478007532,1.7333333333333334,1.0,1,5,1.0997835284835873,0.2340476242857142,0.0,0.0,0.91,0.3116105960990754,5.666666666666667,4.0,0,40,9.77362826814124,7.0,3.0,0,52,13.38976154700726,36.8,15.0,3,286,72.34954832517715
oblac_jodd,3.994505494505496,3.0,0,53,4.48411195251867,1.440934065934066,1.0,1,24,1.332825527068511,0.1976176810876944,0.0,0.0,1.0,0.3002903817601071,7.523351648351649,4.0,0,123,11.69638859734287,7.049450549450549,4.0,0,78,10.34947917010619,36.925824175824175,19.5,2,680,54.58700757019344
camunda_camunda,7.202049520199028,5.0,0,383,9.43045408215533,1.3686174623859733,1.0,1,28,0.9828544224271574,0.2777496872553051,0.0,0.0,1.0,0.3315244626853232,7.920151640800853,4.0,0,318,12.367864164909268,15.121904987560717,6.0,0,567,23.94384699148386,43.2143111005805,21.0,1,1059,66.59129348950967
jetty_jetty.project,5.474283832729667,3.0,0,80,6.446608390180547,1.631807704972012,1.0,1,40,1.5642297986276863,0.1780122759597142,0.0,0.0,1.0,0.2961956822786528,8.130062561738558,3.0,0,515,20.999981381459342,10.898649983536384,4.0,0,325,19.13518649965274,48.14955548238393,14.0,1,2562,118.52699885380773
rubensousa_ViewPagerCards,5.333333333333333,6.0,0,15,4.847679857416329,1.5555555555555556,2.0,1,2,0.5270462766947299,0.3872721966666666,0.42857143,0.0,1.0,0.3457127577658785,6.0,3.0,1,20,6.224949798994366,6.222222222222222,4.0,0,18,6.960204339273701,26.666666666666668,14.0,5,71,23.98958107179031
RipMeApp_ripme,5.0125,4.0,0,24,3.457738583648663,2.540625,2.0,1,5,1.2858914610221892,0.30906019209375,0.0,0.0,1.0,0.3786076273955843,13.35625,7.0,0,158,20.874110459150472,17.1125,9.0,0,265,25.2360610521822,62.225,30.0,1,1455,111.11935180168928
Creators-of-Create_Create,11.103071948261924,9.0,0,218,10.47919234295334,1.7489894907033146,2.0,1,37,1.14622792004618,0.3306668074295082,0.0,0.0,1.0,0.3667217699330367,16.90097008892482,8.0,0,416,28.357280492379523,20.36378334680679,12.0,0,276,26.363401727817724,60.08811641067098,30.0,1,1160,88.60770753873449
tronprotocol_java-tron,8.8175313059034,7.0,0,191,11.167261769536855,1.7769827072152653,1.0,1,64,2.011392305113726,0.3156658221523631,0.20416667,0.0,1.0,0.3400799636411916,15.503875968992247,5.0,0,699,39.2336890147101,21.22838401908169,11.0,0,685,38.23446639613363,90.97674418604652,31.0,1,4034,231.22324923391835
knowm_XChange,6.003397961223266,4.0,0,63,6.514108918411748,1.4899060563661803,1.0,1,8,0.9038369779203748,0.2246799644251121,0.0,0.0,1.0,0.3197222293883694,6.047971217269638,3.0,0,323,11.00238503193806,8.31101339196482,1.0,0,268,17.534532463140845,29.993403957625425,17.0,1,1132,43.38917270866988
freeplane_freeplane,4.58870771477245,3.0,0,85,6.325034802101941,1.5108298856169384,1.0,1,20,1.2410113104090963,0.3068476159353416,0.0,0.0,1.0,0.3719504213438478,10.814796787539548,4.0,0,724,25.00427451458665,11.984181065952786,5.0,0,441,23.157319236440653,47.56339742029691,18.0,1,2540,102.67581726276842
luckybilly_CC,4.966666666666667,4.0,0,27,4.738423900879465,1.2583333333333333,1.0,1,5,0.5575431299340838,0.1914616429203539,0.0,0.0,1.0,0.2983196258460431,7.741666666666666,3.0,0,117,14.657717061936593,8.358333333333333,4.5,0,70,11.2919960002414,38.325,15.0,2,517,66.85204565608566
orhanobut_hawk,3.615384615384616,2.0,0,17,4.243365862868043,1.0384615384615383,1.0,1,2,0.196116135138184,0.1308420742307692,0.0,0.0,0.8571428,0.249092881316195,7.346153846153846,5.5,0,24,7.380744177614111,6.576923076923077,1.0,0,34,9.786411301076924,32.07692307692308,16.5,2,120,36.64196837171615
uber_NullAway,4.758974358974359,2.0,0,112,9.13193022483148,1.2017094017094017,1.0,1,5,0.482924684629467,0.1952272221652021,0.0,0.0,1.0,0.3263311014810418,10.25811965811966,2.0,0,481,29.67304782131767,7.863247863247863,2.0,0,319,21.56167721595025,43.61025641025641,11.0,1,1518,109.66103704283876
xcltapestry_XCL-Charts,7.740061162079511,3.0,0,60,9.806237091046611,2.17737003058104,1.0,1,5,1.5544439936930912,0.4082997448929664,0.55,0.0,0.9492336,0.3909134213969981,14.269113149847096,7.0,0,173,21.952145250816027,20.98165137614679,5.0,0,141,28.244543960245853,71.55045871559633,38.0,1,641,88.79615653525273
oldmanpushcart_greys-anatomy,4.066666666666666,3.0,0,29,4.3193315253245474,1.1541666666666666,1.0,1,4,0.5461766436610894,0.2394470397033898,0.0,0.0,1.0,0.3499409128616089,7.4,3.0,0,86,11.564554126030592,8.025,3.0,0,72,13.209583499653183,44.891666666666666,19.5,1,617,70.01390128952706
jbloch_effective-java-3e-source-code,1.1287128712871286,1.0,0,5,1.080476828003917,1.188118811881188,1.0,1,5,0.6573408104152574,0.1302343036923077,0.0,0.0,0.875,0.2265692427832596,3.57920792079208,2.0,0,17,3.473590965464965,3.4603960396039604,2.5,0,16,3.782772659915099,14.94059405940594,12.5,1,54,11.10808211180272
BoltsFramework_Bolts-Android,3.0,2.0,0,27,3.522448482533408,1.0886075949367089,1.0,1,4,0.4128469872076192,0.0717782146496815,0.0,0.0,0.9444444,0.2058025909490662,4.278481012658228,1.0,0,91,11.447400293261326,5.0886075949367084,2.0,0,65,9.593907134208385,32.55696202531646,9.0,2,1106,109.78006348949025
mouredev_hello-java,0.6363636363636364,0.0,0,4,1.0067114847204304,1.3272727272727274,1.0,1,5,0.7711114022064481,0.0254545454545454,0.0,0.0,0.5,0.1075280873181029,2.272727272727273,1.0,1,15,2.9966311050574745,2.527272727272728,1.0,0,16,3.9245407632002247,14.963636363636365,6.0,3,68,15.60622339818986
awaitility_awaitility,3.176470588235294,1.0,0,27,4.559083450367393,1.1941176470588235,1.0,1,4,0.5888214969819294,0.1654490126347305,0.0,0.0,1.0,0.2805410028708148,6.676470588235294,3.0,0,87,10.726068968493598,6.547058823529412,2.0,0,73,11.337773575155298,32.194117647058825,13.0,2,352,51.262094495417216
makovkastar_FloatingActionButton,5.666666666666667,3.0,0,40,7.620821679905855,1.8148148148148149,2.0,1,6,1.2101187811068237,0.242568533076923,0.0,0.0,0.9255319,0.3064887592197314,7.296296296296297,3.0,0,79,14.86558962792109,8.11111111111111,3.0,0,75,14.76829591058373,37.55555555555556,19.0,3,411,78.61118208447161
lcodecorex_TwinklingRefreshLayout,4.28476821192053,2.0,0,27,4.778252795661762,1.3708609271523178,1.0,1,4,0.6594532486814118,0.1671877318,0.0,0.0,0.95735294,0.3067632424380563,8.105960264900663,2.0,0,137,17.417673904353894,8.205298013245033,2.0,0,113,14.281604896180124,41.54304635761589,12.0,2,815,91.84063988593412
JeremyLiao_LiveEventBus,3.227272727272727,2.0,0,26,3.546843763274312,1.1103896103896105,1.0,1,3,0.3709603403244864,0.1040226859468438,0.0,0.0,1.0,0.2457004233983193,3.987012987012987,1.0,0,56,7.908670056239715,3.73051948051948,2.0,0,52,6.596967301679145,25.266233766233768,6.0,2,720,67.25512147242698
Yalantis_Phoenix,4.333333333333333,2.5,0,18,4.824454613615987,1.6666666666666667,1.0,1,4,0.9630868246861536,0.1662273186956522,0.0,0.0,0.8680558,0.3057433674775586,6.958333333333333,1.0,0,63,14.122073892119838,7.375,3.0,0,63,14.138484329320269,40.66666666666666,12.0,3,332,75.08121206931266
Piasy_BigImageViewer,4.607142857142857,3.0,0,34,4.817182741988038,1.2857142857142858,1.0,1,4,0.5280431839639718,0.1767606620238095,0.0,0.0,0.936937,0.3067748382722168,6.071428571428571,2.0,1,99,11.916158629726796,6.285714285714286,2.5,0,79,10.18216185127582,29.916666666666668,11.0,3,460,54.03840854793536
fishercoder1534_Leetcode,1.5520792848814613,1.0,0,9,1.9557069439123071,1.0003886513797124,1.0,1,2,0.0197123271098475,0.0364939546227626,0.0,0.0,1.0,0.1057600093223666,3.795569374271279,3.0,0,93,4.532678859642692,2.121259230470268,2.0,0,28,2.872487172116199,27.28468713563933,23.0,1,361,18.61142701197356
pingfangushi_screw,4.985294117647059,3.0,0,19,4.465481259149678,1.3529411764705883,1.0,1,5,0.7937665648521132,0.1616710786666666,0.0,0.0,1.0,0.2838235602340412,5.272058823529412,2.5,0,37,6.983013158149176,9.698529411764708,0.5,0,70,15.352316680259706,28.977941176470587,19.0,3,129,30.1503557897476
mercyblitz_tech-weekly,2.888888888888889,2.0,0,18,3.52845575287547,1.0246913580246917,1.0,1,2,0.1561496591395021,0.1000198431249999,0.0,0.0,0.9166667,0.2339552015750646,2.814814814814815,1.0,0,16,3.078599970405018,3.8271604938271606,3.0,0,16,3.875532619707871,17.17283950617284,10.0,2,83,17.007197096712314
Dimezis_BlurView,5.9,3.5,1,20,5.683308895353129,1.5,1.0,1,3,0.7310832774866962,0.2651349683333333,0.0,0.0,1.0,0.3535299291549088,6.533333333333333,3.5,1,38,8.943243773676434,7.066666666666666,2.0,0,49,12.210604021698218,31.3,11.0,5,182,45.45945522072957
qstumn_BadgeView,4.342857142857143,2.0,0,26,5.351980706149042,1.3142857142857145,1.0,1,3,0.5826626797035551,0.1541026244117647,0.0,0.0,1.0,0.2826113886538252,10.114285714285714,2.0,0,196,32.8738868552958,7.514285714285714,3.0,0,103,17.580690324014796,50.25714285714286,21.0,3,704,123.17236675802371
rovo89_XposedInstaller,4.886699507389163,2.0,0,43,6.766397058393147,1.41871921182266,1.0,1,6,0.8542522264016916,0.2138474120207253,0.0,0.0,1.0,0.3483021263612739,7.300492610837439,2.0,0,81,13.951235785913484,9.738916256157635,2.0,0,115,17.99548383410808,44.23645320197044,10.0,3,488,81.49629920062353
zzhoujay_RichText,4.2727272727272725,2.0,0,33,5.84153450127894,1.446969696969697,1.0,1,5,0.8499159719525572,0.2273133884126983,0.0,0.0,1.0,0.3406499682725545,7.765151515151516,2.0,0,79,13.448153111645944,6.416666666666667,2.0,0,77,11.654073537842692,39.28030303030303,11.5,1,310,61.72424695776281
google_bundletool,9.683673469387756,7.0,0,82,8.97396568096215,1.2653061224489797,1.0,1,29,1.191112742632092,0.2733279559931973,0.0,0.0,1.0,0.3577548334386284,12.82766439909297,7.0,0,225,18.34725590051743,26.6156462585034,15.0,0,426,36.12116550087313,62.22675736961451,30.0,1,2417,119.80496185865876
shuzijun_leetcode-editor,6.322259136212624,4.0,0,33,6.032617139016691,1.7375415282392026,1.0,1,9,1.1751110312517947,0.2481107442905405,0.0,0.0,1.0,0.3609839827028629,8.631229235880399,4.0,0,105,12.722953855818066,11.524916943521594,5.0,0,118,16.16303015350397,44.67774086378738,22.0,1,354,62.41943449663166
binIoter_GuideView,3.742857142857143,2.0,0,18,4.500606868509395,1.3714285714285714,1.0,1,4,0.7310634592924236,0.19891715,0.0,0.0,1.0,0.3268143378269957,6.828571428571428,2.0,0,63,14.082708868524913,5.514285714285714,2.0,0,45,10.491933676349063,35.6,13.0,1,291,62.755454414923406
kubernetes-client_java,7.329218106995885,6.0,0,738,10.11922151813154,1.6047736625514404,1.0,1,241,2.723673710177196,0.3236941121604703,0.2,0.0,1.0,0.3631217648260725,26.6680658436214,5.0,0,3260,61.57045362587522,13.762222222222222,6.0,0,425,21.393541088289258,186.49843621399177,21.0,1,199927,2034.756673983496
linyiqun_DataMiningAlgorithm,2.293650793650793,2.0,0,18,2.2629801954677737,1.0873015873015872,1.0,1,3,0.3582142659323612,0.3866890450420168,0.40625,0.0,1.0,0.3225892852555772,21.047619047619047,9.0,0,314,35.05831876011334,11.626984126984128,3.0,0,64,15.611141727360817,92.56349206349206,35.5,3,964,127.37437707996038
promeG_TinyPinyin,2.0307692307692307,1.0,0,11,2.8883885579226463,1.0923076923076922,1.0,1,3,0.3410955201203232,0.10372080296875,0.0,0.0,1.0,0.2474042148747782,4.138461538461539,1.0,0,39,6.898543603265391,3.6769230769230767,1.0,0,25,5.53146593450736,21.553846153846155,7.0,3,325,43.531967696607296
JoanZapata_android-iconify,3.511627906976744,3.0,0,12,3.7248975251053538,1.2325581395348837,1.0,1,2,0.4274625743754584,0.240322663488372,0.25,0.0,1.0,0.2785538220719308,5.186046511627907,3.0,1,39,7.208644988429776,5.046511627906977,2.0,0,39,8.315085225265763,21.13953488372093,11.0,4,136,26.68027753420728
VaughnVernon_IDDD_Samples,4.7373271889400925,3.0,0,39,5.5727472784709855,1.663594470046083,1.0,1,12,1.073690392947536,0.3797617528813559,0.44444445,0.0,1.0,0.3522677884155755,9.130568356374807,6.0,0,115,10.128095096900438,9.24116743471582,3.0,0,126,14.125761338923654,43.74039938556068,30.0,1,398,46.7585800846492
rengwuxian_RxJavaSamples,4.547169811320755,3.0,0,20,5.372887913245714,1.3962264150943395,1.0,1,3,0.7426465833425498,0.252690975,0.0,0.0,1.0,0.3675345273767172,2.7735849056603774,1.0,0,15,3.232298000315674,5.113207547169812,3.0,0,21,5.924721276658995,18.88679245283019,8.0,2,91,20.461653043755256
sofastack_sofa-rpc,5.2126137841352405,3.0,0,42,5.494391491434712,1.32444733420026,1.0,1,5,0.6284828942485949,0.2167777389860742,0.0,0.0,1.0,0.3255127385086525,9.34525357607282,4.0,0,147,15.536882271015209,11.574122236671002,5.0,0,144,17.412744643923755,47.4187256176853,19.0,1,588,72.61216993257837
emanuele-f_PCAPdroid,9.359683794466402,6.0,0,76,11.965603609550463,1.5612648221343874,1.0,1,5,0.8870774094658207,0.3175368937751004,0.0,0.0,1.0,0.3678845402859822,20.9407114624506,7.0,0,425,46.53306175183134,21.75098814229249,8.0,0,315,39.80634233250671,95.3596837944664,31.0,1,1621,190.2671291412304
amirzaidi_Launcher3,7.240404040404041,3.0,0,150,10.898687031356848,1.4747474747474747,1.0,1,8,0.8643417379183255,0.2634009382397959,0.0,0.0,1.0,0.3519535049725042,13.191919191919192,3.0,0,759,42.03375714218159,13.3010101010101,3.0,0,591,33.13944400908749,60.73737373737374,15.0,1,2868,172.08137526770872
shopizer-ecommerce_shopizer,7.936739659367396,4.0,0,92,9.723827079028585,1.6828872668288726,1.0,1,6,0.9799155647639396,0.4349413027950043,0.5,0.0,1.0,0.3612648131230518,9.879967558799676,5.0,0,185,15.706630537963564,10.095701540957016,0.0,0,330,24.13366974993985,43.38118410381184,20.0,1,988,74.65068459572053
databricks_learning-spark,2.827067669172932,2.0,0,22,3.4542711334763534,1.0150375939849623,1.0,1,2,0.1221624853152949,0.0535687038167939,0.0,0.0,0.8708334,0.1822543857755322,2.1578947368421053,1.0,0,21,2.79567334888828,3.706766917293233,2.0,0,45,5.785014542407559,17.25563909774436,7.0,2,195,24.11294576707153
bluelinelabs_Conductor,5.476744186046512,3.0,0,34,6.20194797517123,1.3488372093023255,1.0,1,4,0.6645200277682093,0.2324715563953488,0.0,0.0,1.0,0.3451503653476037,15.627906976744184,4.5,0,266,39.8142884525076,11.348837209302326,3.5,0,165,25.25669040861682,62.61627906976744,20.0,1,889,133.1449602416723
Exrick_xboot,7.415472779369628,6.0,0,38,6.821778100823263,1.2120343839541547,1.0,1,4,0.531505818967164,0.1789287456571428,0.0,0.0,0.9411765,0.2910811432225305,6.257879656160458,2.0,0,122,12.361740060780413,8.002865329512893,1.0,0,86,14.587330861105194,29.412607449856733,11.0,2,382,48.78343488066806
RikkaApps_Sui,4.932584269662922,3.0,0,31,5.724345442551386,1.1797752808988764,1.0,1,3,0.4145588496662059,0.2642966253012048,0.0,0.0,0.875,0.3210593056224321,11.876404494382022,5.0,0,105,19.26774284129206,10.50561797752809,5.0,0,88,15.975921936340225,50.71910112359551,26.0,3,415,69.58643885061308
JavaNoober_BackgroundLibrary,4.7899159663865545,4.0,0,26,4.830822559673249,1.2100840336134453,1.0,1,2,0.4090905494194043,0.0698136959487179,0.0,0.0,0.96545035,0.197307907618326,17.899159663865547,4.0,0,471,64.57165182668656,5.907563025210084,2.0,0,74,10.74984556186948,67.47058823529412,16.0,1,864,174.27432221028556
alibaba_jstorm,5.037664307381193,4.0,0,157,6.074826047635159,1.455510616784631,1.0,1,67,1.2925117276087257,0.2807074066145223,0.0,0.0,1.0,0.3508650413021002,11.760111223458038,5.0,0,435,23.56598367856887,9.71638018200202,4.0,0,341,17.64831159889905,74.90293225480283,25.0,1,46177,762.0010682383959
ZHENFENG13_My-Blog,4.758620689655173,3.0,0,25,5.798700231941233,1.0517241379310345,1.0,1,4,0.3939192985791677,0.3241940773684211,0.2,0.0,0.91666675,0.3386142751665476,11.982758620689657,9.5,0,57,10.572210144724831,7.827586206896552,5.0,0,87,13.450543497835868,41.56896551724138,30.0,3,281,47.104256174875154
vipulasri_Timeline-View,9.0,9.0,3,15,8.48528137423857,1.5,1.5,1,2,0.7071067811865476,0.46750802,0.46750802,0.0,0.93501604,0.6611561824021922,40.0,40.0,2,78,53.74011537017761,25.5,25.5,4,47,30.405591591021544,209.0,209.0,9,409,282.842712474619
react-native-share_react-native-share,5.585365853658536,3.0,0,22,4.91922559838486,2.073170731707317,2.0,1,3,0.905269128558989,0.4901983548780487,0.73333335,0.0,1.0,0.3714014913688243,10.560975609756095,5.0,0,68,13.49082795918732,9.878048780487806,2.0,0,68,15.006990241136329,43.707317073170735,21.0,2,287,54.28823256583282
wendux_DSBridge-Android,2.978723404255319,2.0,0,23,3.8981007733539847,1.1063829787234043,1.0,1,2,0.3116605283339055,0.0543465051063829,0.0,0.0,0.95428574,0.1883477802269489,5.425531914893617,1.0,1,67,11.68563719095976,6.446808510638298,2.0,0,57,12.156244612183086,39.17021276595744,6.0,3,729,113.0129502292501
watabou_pixel-dungeon,5.723480333730632,4.0,0,95,7.322754238599885,2.5446960667461265,2.0,1,13,1.6516694011985669,0.2950403891287605,0.0,0.0,1.0,0.3589457497058575,9.771156138259832,4.0,0,281,21.26455873532975,8.603098927294399,6.0,0,177,12.229255580608092,46.03456495828368,25.0,1,990,76.41964283479649
yacy_yacy_search_server,5.336145360155743,4.0,0,88,6.473215378766232,1.3666450356911095,1.0,1,10,0.7541424797494684,0.3147008967098039,0.0,0.0,1.0,0.3601373454567591,28.838416612589228,10.0,0,1369,65.07959545037725,21.27968851395197,10.0,0,520,33.98072844065381,108.44776119402984,42.0,1,3850,212.4768116374605
yanzhenjie_AndServer,5.0233644859813085,3.0,0,52,6.298104334206797,1.5420560747663552,1.0,1,5,1.1929399028720318,0.2970964494230769,0.0,0.0,1.0,0.342803379092889,14.186915887850468,6.0,0,194,27.053982148068503,10.742990654205608,3.0,0,182,19.90787048998264,56.21028037383178,23.5,2,919,102.56415689115892
NotHarshhaa_DevOps-Projects,5.774647887323944,5.0,0,19,4.395991672300889,1.1901408450704225,1.0,1,4,0.5182225293742581,0.263823182112676,0.0,0.0,0.94924825,0.3072470152781673,5.929577464788732,4.0,0,58,7.3683700934726515,9.514084507042254,5.0,0,66,12.530097618097356,31.35211267605634,19.0,1,231,38.56415805232997
uncle-novel_uncle-novel,7.289962825278811,5.0,0,57,8.771430664044221,1.657992565055762,1.0,1,5,0.8475938639191948,0.3634017903571428,0.33333334,0.0,1.0,0.3626169382657319,10.308550185873608,5.0,0,268,21.64256708904072,18.30111524163569,10.0,0,230,27.475267688823173,63.1635687732342,26.0,2,3960,248.7425300984005
spotbugs_spotbugs,3.2463496817671285,1.0,0,193,6.736068008190735,1.3874953201048297,1.0,1,15,0.8997580951172807,0.1747981288944647,0.0,0.0,1.0,0.2997286333497895,9.39947585174092,3.0,0,849,26.6057555243875,6.968925496068888,2.0,0,268,17.38535799068853,41.26338450018719,14.0,1,11399,191.7425177504359
RoaringBitmap_RoaringBitmap,5.568778979907265,5.0,0,33,4.828111909004726,1.137557959814529,1.0,1,7,0.4634594333954824,0.2137111800310558,0.0,0.0,1.0,0.2929291811155616,25.19938176197836,5.0,0,697,73.37318496605563,14.279752704791346,5.0,0,198,25.68957230115265,123.00772797527048,26.0,1,3690,346.9600019804036
MovingBlocks_Terasology,6.157764414573753,4.0,0,80,7.855147317145765,1.445348425893173,1.0,1,14,0.8559161606710319,0.2724489913447037,0.0,0.0,1.0,0.3330100258276591,8.667845772904139,4.0,0,200,14.76243951301262,9.310930314821366,3.0,0,215,17.695982689444147,39.772904138662895,17.0,1,771,66.3020501627819
timehop_sticky-headers-recyclerview,4.620689655172414,2.0,0,17,4.945515956785272,1.2758620689655171,1.0,1,3,0.5275652785700641,0.1524904237931034,0.0,0.0,0.77777785,0.2702036332786996,5.724137931034483,2.0,0,49,9.77568613494045,7.206896551724138,3.0,0,31,9.480729742651777,27.86206896551724,8.0,2,174,39.88082616454306
aurelhubert_ahbottomnavigation,5.108695652173913,2.0,0,42,7.540198231610404,1.173913043478261,1.0,1,2,0.3832230465168327,0.1757409263043478,0.0,0.0,0.9423077,0.3161469244114842,11.521739130434783,2.0,0,254,37.82047601230188,9.152173913043478,3.0,0,147,22.51119957443835,50.84782608695652,10.0,1,1006,151.16730501758704
MiguelCatalan_MaterialSearchView,4.048780487804878,2.0,0,35,6.280729334687952,1.3170731707317074,1.0,1,3,0.5214894241614063,0.1087639012195121,0.0,0.0,0.93551034,0.2546616466651009,6.780487804878049,3.0,1,101,15.431319119119324,8.341463414634147,3.0,0,96,16.438688749559013,33.19512195121951,10.0,4,470,73.94769080647316
JCTools_JCTools,4.671717171717172,3.0,0,93,5.300886859505505,4.3717171717171714,3.0,1,18,3.4704018003718744,0.3509366607319243,0.16666667,0.0,1.0,0.3832859852900142,9.883838383838384,3.0,0,182,19.471678154847545,6.267676767676767,3.0,0,86,10.880919267308446,46.3979797979798,18.0,1,734,83.42216146333635
happydog-intj_CircleProgress,5.76,6.0,0,13,4.215843134336634,1.68,2.0,1,4,0.6904105059069326,0.3006288548,0.0,0.0,0.9466808,0.374802341443783,10.04,4.0,1,69,17.73762479401719,14.12,7.0,0,76,20.42735094589278,58.04,24.0,3,384,97.30727961805668
FCL-Team_FoldCraftLauncher,5.327852516193324,3.0,0,79,6.864602553500082,1.6651718983557549,1.0,1,22,1.448517569241853,0.2716557875477771,0.0,0.0,1.0,0.326334268876535,11.935724962630792,5.0,0,491,22.91436557731105,11.31589436970603,4.0,0,230,20.80359327149485,57.946686596910816,21.0,1,3144,127.19615192504575
sofastack_sofa-jraft,6.236551724137931,3.0,0,130,8.596220410998408,1.4627586206896552,1.0,1,18,1.0852194015153285,0.3169003428216062,0.0,0.0,1.0,0.3685830221711082,14.61448275862069,5.0,0,484,30.525526950832425,12.306206896551725,3.0,0,496,26.23514787879372,95.29586206896552,18.0,1,10990,445.5111920862382
blossom-editor_blossom,5.724137931034483,3.0,0,45,6.506447803710244,1.3448275862068966,1.0,1,5,0.6724942602824382,0.2802175046329966,0.0,0.0,1.0,0.3569506518731306,6.222988505747127,2.0,0,86,10.736836342364764,8.997701149425287,1.0,0,122,16.754048805740567,30.724137931034484,13.0,2,338,45.49854143992591
rbmonster_learning-note,2.1945288753799392,2.0,0,23,2.4116347563001908,1.1732522796352585,1.0,1,4,0.5465391878894915,0.1177375419032761,0.0,0.0,1.0,0.2368534716341775,4.3419452887538,3.0,0,108,6.38682794884469,3.851063829787234,2.0,0,67,5.4893565557562365,20.316109422492403,13.0,1,360,23.36059233705525
sunfusheng_MarqueeView,5.409090909090909,4.0,0,16,4.8859281996663,1.3636363636363635,1.0,1,2,0.4923659639173309,0.1909734619047619,0.0,0.0,0.87433153,0.305160955244366,6.636363636363637,2.0,0,46,10.158484394574083,9.545454545454543,4.5,0,61,14.857184482126174,36.54545454545455,17.0,3,245,53.089078127711126
mcxtzhang_SwipeDelMenuLayout,3.1,2.0,0,16,3.3420399113761,1.25,1.0,1,2,0.4385290096535146,0.09504770775,0.0,0.0,0.89913046,0.2371106145689454,4.825,1.0,1,92,14.649560245434516,5.6,2.5,0,68,10.762708647728854,27.125,7.0,4,380,61.6562794439609
tchiotludo_akhq,8.192691029900333,6.0,0,58,7.920611070758321,1.2956810631229236,1.0,1,4,0.5313015006631038,0.3342128404583333,0.26785715,0.0,1.0,0.3457300217405736,8.744186046511627,3.0,0,128,18.48109866192857,14.903654485049834,4.0,0,229,24.21763861183734,57.06644518272425,14.0,1,847,128.37770667184063
zhpanvip_BannerViewPager,5.410958904109589,3.0,0,46,7.199219896856024,1.4109589041095891,1.0,1,4,0.7233336489699037,0.2761356297058824,0.0,0.0,0.93913054,0.3600336865381016,10.150684931506849,4.0,0,218,26.52078390038688,11.123287671232877,5.0,0,184,24.52659848991581,43.2054794520548,18.0,3,728,91.17976123267424
helidon-io_helidon,5.488575458392101,4.0,0,70,5.473767892701486,1.3805359661495062,1.0,1,34,1.08590749413246,0.2453399551884861,0.0,0.0,1.0,0.3350901588130189,8.257827926657264,4.0,0,615,16.93777535454631,10.7885754583921,4.0,0,300,18.775004297601782,44.86304654442877,19.0,1,1933,81.3414250264542
mpusher_mpush,4.731155778894473,3.0,0,36,5.322882892570001,1.3442211055276383,1.0,1,4,0.6951463766677064,0.3030308382666666,0.1,0.0,1.0,0.3395672078714746,8.922110552763819,4.0,0,310,18.536408820413964,8.743718592964823,4.0,0,92,13.697327259234012,37.768844221105525,16.5,1,852,61.91573728135732
lygttpod_SuperTextView,3.046511627906977,2.0,0,43,5.846883487091897,1.162790697674419,1.0,1,3,0.4017744499322114,0.0787292313953488,0.0,0.0,0.9832734,0.2438669793848771,9.255813953488373,1.0,1,323,40.50481047582653,6.127906976744186,1.0,0,141,18.378245779199293,46.53488372093023,5.0,3,1621,200.97320264297565
apache_kylin,7.745645330535152,5.0,0,154,9.567074209474848,1.499055613850997,1.0,1,15,0.8362140490468496,0.3439641203279295,0.16666667,0.0,1.0,0.3746977129942303,11.65897166841553,4.0,0,1011,29.14543006031564,20.07051416579224,6.0,0,945,40.09481915323191,66.7099685204617,22.0,1,3680,148.8929376432502
portfolio-performance_portfolio,7.4353242946134115,5.0,0,133,8.574429068354359,1.40417735434225,1.0,1,19,0.8491828869990434,0.2402287750873281,0.0,0.0,1.0,0.3294631365258428,13.717845364602418,5.0,0,575,29.89191637490068,19.90619274459509,9.0,0,752,30.78592949770424,110.26713081714914,26.0,1,11343,410.1433526756235
yanzhenjie_NoHttp,4.456140350877193,3.0,0,27,4.741122659067216,1.5,1.0,1,4,0.8047217485013147,0.273890315619469,0.0,0.0,1.0,0.3514681833118064,9.328947368421051,4.0,0,180,17.636357239646806,7.342105263157895,2.0,0,103,13.300212940806968,36.96491228070175,14.0,1,582,59.79133021362493
CameraKit_blurkit-android,6.1,5.0,0,19,5.6460408940936455,1.5,1.0,1,3,0.7071067811865476,0.360054098,0.33333334,0.0,0.8929219,0.3380666670015382,10.4,2.5,1,69,20.80705008725008,13.5,11.0,0,53,15.079419381690029,49.7,23.5,5,292,86.61543357470038
Ereza_CustomActivityOnCrash,5.4,4.0,0,16,4.762952265739632,1.3333333333333333,1.0,1,2,0.4879500364742666,0.2284507953333333,0.0,0.0,1.0,0.4022152287241812,12.066666666666666,3.0,1,89,22.5656713573854,11.666666666666666,2.0,0,99,26.04574729933761,59.53333333333333,21.0,3,407,106.10699900616945
Atmosphere_atmosphere,5.707142857142857,4.0,0,71,6.06229830767378,1.2054945054945054,1.0,1,9,0.6443158898282207,0.23435899014422,0.0,0.0,1.0,0.3207796223504985,10.272527472527472,5.0,0,351,20.92310099472921,12.57032967032967,4.0,0,320,21.36491497700892,50.67252747252747,20.0,1,1451,90.03341517111397
jtablesaw_tablesaw,6.270588235294118,4.0,0,48,6.690521175992639,1.284967320261438,1.0,1,6,0.6009123998399619,0.2647929742020997,0.0,0.0,1.0,0.3466755939718726,13.318954248366014,4.0,0,244,24.504892533273345,14.48235294117647,5.0,0,236,24.107172678709823,63.355555555555554,23.0,1,912,103.70099794594772
Netflix_maestro,8.448,6.0,0,54,8.088160144283306,1.5804444444444443,1.0,1,6,0.852028027466685,0.2728632637746884,0.0,0.0,1.0,0.3498414346533574,9.518222222222224,3.0,0,985,39.390291771001976,15.005333333333333,5.0,0,275,25.75676617043993,51.86577777777778,18.0,1,3474,137.44470493615302
undertow-io_undertow,5.223407593347976,3.0,0,65,6.355026130779694,1.2438029494822718,1.0,1,16,0.7256326348311786,0.2072950665928729,0.0,0.0,1.0,0.3220005661276736,9.680577345465956,3.0,0,300,22.387031235202947,9.74615625980546,4.0,0,240,16.558781145480232,52.76780671477879,19.0,1,1550,105.26413758706629
roboguice_roboguice,3.947526236881559,3.0,0,70,5.394897973326999,1.3100449775112444,1.0,1,42,1.182431570574887,0.1002034434334375,0.0,0.0,1.0,0.2426241824049506,3.180209895052474,1.0,0,217,8.220686845846796,4.187706146926537,1.0,0,158,9.1248833464538,22.196701649175413,6.0,1,1105,67.86248172466341
DependencyTrack_dependency-track,8.976680384087791,6.0,0,89,10.30767101833173,1.522633744855967,1.0,1,5,0.7318091979548829,0.2741232253820689,0.0,0.0,1.0,0.3449922653274277,14.316872427983538,6.0,0,341,26.97968818982609,22.724279835390945,10.0,0,375,37.65253921225467,83.67764060356653,35.0,1,1454,144.27732588960114
coderbruis_JavaSourceCodeLearning,2.854889589905363,2.0,0,23,2.962489609625344,1.2586750788643533,1.0,1,3,0.473301906530148,0.1808643701607717,0.0,0.0,1.0,0.3045171554659097,3.2492113564668768,2.0,0,27,3.5289545117064645,4.779179810725552,3.0,0,36,5.649729070111863,19.069400630914828,13.0,2,162,19.10865609954711
lihangleo2_ShadowLayout,4.213333333333333,2.0,0,34,5.8938661044901295,1.16,1.0,1,2,0.3690748111375473,0.1258039673333333,0.0,0.0,1.0,0.2883180237332263,10.813333333333333,3.0,1,277,35.80226979567807,9.226666666666668,3.0,0,127,20.14647265305668,59.29333333333334,12.0,3,1144,173.68764860887285
andOTP_andOTP,6.108433734939759,3.0,0,55,8.453813266453619,1.5,1.0,1,6,0.983192080250175,0.1956069234355828,0.0,0.0,1.0,0.3193739449939423,10.283132530120485,3.0,0,170,24.04133974624648,12.614457831325302,3.0,0,184,25.971700834749463,50.86144578313253,13.0,1,680,103.8996547739186
stfalcon-studio_ChatKit,5.768518518518518,3.0,0,34,6.546178854704834,2.8981481481481484,2.0,1,47,4.831632170994697,0.2661256004672896,0.0,0.0,0.9534877,0.3373538705811177,8.537037037037036,3.0,0,112,15.446274647454535,8.564814814814815,1.5,0,73,13.761841560741647,43.333333333333336,14.0,3,600,91.0647299821889
ethanhua_Skeleton,3.727272727272727,3.0,0,13,3.4028731176089204,1.2424242424242424,1.0,1,3,0.5018903659106632,0.1955140454545454,0.0,0.0,0.8909091,0.3014354281473242,3.727272727272727,2.0,0,21,4.836532379147839,4.242424242424242,2.0,0,20,5.744727490437987,22.78787878787879,8.0,2,103,27.425760672857344
HelloWorld521_Java,4.169354838709677,2.0,0,21,3.960622793667208,1.3306451612903225,1.0,1,5,0.7181930147245661,0.2399544251219512,0.0,0.0,1.0,0.3301052164658369,4.540322580645161,3.0,0,16,4.272047915348175,5.25,1.0,0,41,7.990466880953187,21.75,13.0,2,99,21.53221258630401
OpenHFT_Chronicle-Queue,5.395833333333333,4.0,0,54,6.153055863385121,1.5965909090909092,1.0,1,7,0.8413798457598,0.2230699486015326,0.0,0.0,1.0,0.3278526830637241,10.543560606060606,4.0,0,339,29.877961711379854,15.070075757575758,6.0,0,276,24.83594777900647,55.06628787878788,21.0,1,2215,134.41807024713756
DataLinkDC_dinky,7.049743964886613,5.0,0,76,8.015295471847303,1.3664959765910754,1.0,1,5,0.7124625369554946,0.2982370480358974,0.0,0.0,1.0,0.364136808291823,9.990490124359912,4.0,0,183,18.647906558455738,13.247988295537674,4.0,0,273,25.411444891135314,44.71324067300658,20.0,1,942,82.6448486185313
willowtreeapps_spruce-android,4.860655737704918,3.0,0,44,6.094728210769421,1.3688524590163935,1.0,1,5,0.7518662144943311,0.1815177148833333,0.0,0.0,0.9237132,0.2857626024725263,5.770491803278689,3.0,0,61,8.605962650660317,5.918032786885246,2.0,0,64,9.168388165464808,34.99180327868852,15.0,1,520,66.08127926613243
liuyubobobo_Play-with-Algorithms,2.894736842105264,2.0,0,11,2.4097754135727354,1.0075187969924813,1.0,1,2,0.086710996952412,0.1853952260150375,0.0,0.0,0.6666667,0.2256177623337261,12.834586466165414,11.0,1,94,10.84406027274408,5.804511278195489,4.0,0,24,5.653449800405516,39.75187969924812,37.0,4,259,30.52679052278149
grpc-ecosystem_grpc-spring,6.605263157894737,6.0,0,33,5.2491562462445644,1.4784688995215312,1.0,1,17,1.1466834880699277,0.1912546591566264,0.0,0.0,1.0,0.3048378762515878,4.423444976076555,2.0,0,59,6.9247497317293005,6.083732057416268,2.0,0,81,10.10900652373217,25.72248803827751,13.0,2,331,35.35899509096352
ByteLegend_ByteLegend,6.979661016949152,7.0,0,18,2.8163021336193483,1.0033898305084743,1.0,1,2,0.0582222509739581,0.6108993171864406,0.6568628,0.0,0.9649123,0.2780638356144571,79.88474576271186,44.0,2,506,99.34421163592972,16.335593220338982,19.0,0,43,7.425314366369255,352.6508474576271,140.0,9,7628,867.5817494412645
dromara_liteflow,4.88,3.0,0,48,4.767097375899128,1.7846913580246913,2.0,1,4,0.6365534638204096,0.1197721556519144,0.0,0.0,1.0,0.2473722807393709,4.283456790123457,2.0,0,106,8.55848560153803,5.776296296296296,2.0,0,171,10.38982433511446,21.53679012345679,9.0,1,442,35.649600646471015
IrisShaders_Iris,6.181425485961123,4.0,0,99,7.465055204687789,1.3056155507559395,1.0,1,14,0.8677468799797953,0.2461171022276243,0.0,0.0,1.0,0.3319187655704259,8.97840172786177,4.0,0,186,15.614738984397809,9.190064794816417,3.0,0,285,20.002879484501044,41.23218142548596,17.0,1,881,74.56883691537581
FasterXML_jackson-databind,3.776055408970976,2.0,0,100,5.85387349886266,1.7366424802110818,1.0,1,45,1.9789598392438672,0.2180071999871129,0.0,0.0,1.0,0.319947535875973,5.559201846965699,2.0,0,404,18.93146204279636,4.695415567282322,0.0,0,271,14.226730946398254,32.03759894459103,8.0,1,1449,85.63250078140672
ryanhoo_StylishMusicPlayer,5.025773195876289,3.0,0,35,5.792111454258492,1.309278350515464,1.0,1,4,0.6496044989230748,0.1990469959375,0.0,0.0,1.0,0.3278964627296689,5.989690721649485,3.0,0,78,9.549429460059883,7.252577319587629,3.0,0,68,11.529332654482708,29.77835051546392,12.5,2,255,45.78602345016537
dingjikerbo_Android-BluetoothKit,4.074688796680498,2.0,0,42,5.440839243497487,1.2489626556016598,1.0,1,3,0.5126005619384211,0.2134198160344827,0.0,0.0,1.0,0.3271987044714857,7.535269709543568,2.0,0,128,14.166561304628129,6.294605809128631,3.0,0,62,10.410348014426132,34.634854771784234,12.0,2,489,64.94708959414312
microservices-patterns_ftgo-application,5.345945945945946,3.0,0,30,5.557221166855,1.1891891891891893,1.0,1,5,0.6391829912941789,0.2464670274373258,0.0,0.0,1.0,0.3064450483551161,3.937837837837838,2.0,0,37,5.12276662164216,4.781081081081081,0.0,0,122,10.678254321716716,18.562162162162164,12.5,1,183,23.04932088249812
springdoc_springdoc-openapi,3.934248745709005,3.0,0,72,4.806191747859218,1.313704779508846,1.0,1,4,0.6195696412810415,0.1185073464038982,0.0,0.0,1.0,0.2563993380114126,3.116715077898073,1.0,0,236,8.52100992404143,3.108265117507261,0.0,0,381,11.4801513555246,14.45101663585952,6.0,1,737,34.02864484117573
1024-lab_smart-admin,6.416376306620209,4.0,0,35,5.983030987327323,1.2282229965156797,1.0,1,4,0.4363556586449795,0.2254009308333333,0.0,0.0,1.0,0.3104307837006123,4.29616724738676,1.0,0,85,8.434704711729614,7.294425087108014,0.0,0,124,15.022452199549395,22.45296167247387,10.0,2,300,33.53642051280655
Haleydu_Cimoc,5.864462809917355,3.0,0,52,7.159822358780517,1.5041322314049588,1.0,1,6,0.9395994544505588,0.241018983820598,0.0,0.0,1.0,0.3686648155966515,8.626446280991736,3.0,0,149,14.043544913621378,9.947107438016529,3.0,0,158,15.289930214261313,43.1900826446281,11.0,1,552,66.15768766048707
Mojang_brigadier,6.635294117647059,5.0,0,29,5.437626974595255,1.152941176470588,1.0,1,3,0.393575864077453,0.3015998095294118,0.1388889,0.0,1.0,0.3434050162080664,12.258823529411766,7.0,0,89,17.10204174748656,12.0,8.0,0,100,16.24221425205085,50.72941176470588,29.0,1,462,77.19816618770875
apache_tika,6.077313549394768,4.0,0,85,6.5364570127986,1.5173760249902382,1.0,1,79,1.7837676031550744,0.3645477494040322,0.33333334,0.0,1.0,0.3614603617974122,14.45529090199141,6.0,0,367,24.863291299061427,13.554080437329167,6.0,0,258,20.48203061393303,69.75829754002343,32.0,1,1224,109.24291915371676
linkedin_databus,5.525725593667546,3.0,0,78,8.019942005413506,1.3568601583113455,1.0,1,15,0.7976610421646337,0.3556525062346331,0.33333334,0.0,1.0,0.3629454625522151,14.827836411609498,6.0,0,503,26.56514584559331,13.033641160949868,3.0,0,336,25.62969714561801,82.01912928759894,26.0,1,3025,189.21594425740545
networknt_light-4j,4.759045419553503,3.0,0,56,5.379695692552564,1.167821401077752,1.0,1,7,0.5738356165009817,0.3122532166074476,0.0,0.0,1.0,0.3549336084448459,12.263279445727482,5.0,0,266,20.68704287741456,13.670515781370284,6.0,0,163,20.66806005125544,58.50346420323326,24.0,1,1087,91.73404285318703
apache_incubator-heron,5.698507462686568,4.0,0,49,6.092317775962403,1.4662686567164178,1.0,1,9,0.9055926655669208,0.3160626951908212,0.0,0.0,1.0,0.3555609713564432,7.874029850746268,4.0,0,124,11.227537519181492,11.194029850746269,5.0,0,171,17.287469310468747,42.06865671641791,20.0,1,523,59.42659651237961
mbechler_marshalsec,7.291666666666667,6.0,0,23,5.64049118828054,1.8194444444444444,1.0,1,5,1.0254011772642442,0.0773809525714285,0.0,0.0,1.0,0.236691427679517,6.194444444444445,3.0,0,61,9.770087849575326,7.777777777777778,4.0,0,67,11.51266567952502,30.75,15.5,1,271,47.39250252703109
lisawray_groupie,5.096774193548387,3.0,0,41,5.407451614145686,1.827956989247312,1.0,1,5,1.0067560465477234,0.1951659204301075,0.0,0.0,0.9310345,0.2902602005507771,8.817204301075268,4.0,0,105,16.889632938425983,6.903225806451613,3.0,0,58,11.71311464549277,41.913978494623656,15.0,2,577,85.27419405683652
yangfuhai_ASimpleCache,4.448275862068965,2.0,0,22,5.248035053349231,1.4482758620689655,1.0,1,3,0.6316761657092368,0.4047010954545454,0.48333335,0.0,0.9301076,0.348459148928955,11.137931034482758,5.0,0,70,18.54285410673463,10.586206896551724,5.0,0,53,12.846670611983788,68.72413793103448,30.0,2,529,129.54836288090695
spring-io_initializr,6.209612817089453,4.0,0,47,6.030902016113664,1.2630173564753004,1.0,1,5,0.6217811021598862,0.257131655447263,0.0,0.0,1.0,0.3255576427815701,8.126835781041388,4.0,0,137,11.39993377647532,11.958611481975968,5.0,0,264,19.331394935570525,44.80507343124165,24.0,1,1045,68.23231725957217
google_rejoiner,6.618320610687023,5.0,0,44,6.219643837523886,1.5725190839694656,1.0,1,8,1.0453599626712693,0.149798325,0.0,0.0,1.0,0.2819356667186192,4.961832061068702,3.0,0,73,7.927949177195508,11.908396946564883,7.0,0,113,15.070832952162617,27.221374045801525,12.0,2,344,39.290885628630086
KunMinX_Linkage-RecyclerView,6.4,5.0,0,31,6.301008070356893,1.5466666666666666,1.0,1,3,0.7221090232377944,0.3382611813333333,0.25,0.0,0.89999986,0.3560870130524051,5.706666666666667,3.0,0,41,6.695648714778256,6.56,3.0,0,48,8.795330456431858,34.026666666666664,27.0,2,245,40.69496726083412
TNG_ArchUnit,3.609311189763136,2.0,0,208,7.093147018700309,1.2752518377348216,1.0,1,28,1.0477073725882309,0.1251236031322843,0.0,0.0,1.0,0.2743878644672026,3.5894364279880207,1.0,0,181,9.719638360661298,5.280969234957801,0.0,0,265,15.314193437101256,21.81949360196025,6.0,1,1187,61.58556609344986
huburt-Hu_NewbieGuide,4.307692307692308,3.0,0,24,4.5621471713642485,1.1794871794871795,1.0,1,3,0.4185190260408422,0.1542842823376623,0.0,0.0,1.0,0.3087394172710417,4.769230769230769,1.0,0,47,9.281909617845145,5.82051282051282,2.0,0,62,9.13782433076022,24.307692307692307,8.0,1,227,40.39297473066829
fabric8io_kubernetes-client,21.893463073852296,30.0,0,204,13.96457070116216,1.1150199600798405,1.0,1,7,0.4707212444028584,0.5504844620803376,0.72727275,0.0,1.0,0.3428464997525563,11.92939121756487,11.0,0,257,11.626963496689717,6.499625748502994,2.0,0,242,14.040508185361816,47.73652694610779,39.0,1,1023,47.72758728723655
termux_termux-api,5.470238095238095,4.0,0,46,5.425516995965465,1.3928571428571428,1.0,1,12,0.9605120533441174,0.178205378375,0.0,0.0,0.9323308,0.2925623334445569,8.68452380952381,4.0,0,66,12.13553197428242,12.339285714285714,7.0,0,79,14.229862483983746,69.48809523809524,26.5,1,666,100.5047732113571
dropbox_hackpad,5.079159935379645,3.0,0,76,7.124314667904855,1.806138933764136,1.0,1,11,1.3610013637236964,0.430858376675453,0.5,0.0,1.0,0.3923252600067168,37.62358642972536,7.0,0,1227,101.45508751455476,16.882067851373183,6.0,0,384,34.53196987271197,141.7302100161551,33.0,1,3222,347.80676651940973
fyhertz_libstreaming,3.5730337078651684,2.0,0,25,4.559923345770783,1.4157303370786516,1.0,1,5,0.8635153939255953,0.3294468986206896,0.0,0.0,1.0,0.3790448797615113,15.47191011235955,6.0,0,179,24.86193233167035,12.02247191011236,5.0,0,92,17.84273313252223,76.38202247191012,29.0,3,626,116.7349859547819
oasisfeng_island,6.797814207650274,4.0,0,38,7.145089424798576,1.5191256830601092,1.0,1,7,0.8441233833479428,0.3484901946857142,0.0,0.0,1.0,0.3937107048372527,10.972677595628417,4.0,0,112,17.793205177353414,13.021857923497269,5.0,0,145,22.15627718068124,41.69945355191257,18.0,2,362,62.30915786259598
anggrayudi_android-hidden-api,8.0,7.5,2,15,5.477225575051661,1.0,1.0,1,1,0.0,0.4430067075,0.404411765,0.0,0.9632033,0.4860387615724315,34.5,30.0,2,76,30.69744831958079,19.0,20.5,0,35,14.39907404430345,119.5,138.0,8,194,89.97221793420455
spockframework_spock,5.395095367847412,4.0,0,62,6.653725514640684,1.438692098092643,1.0,1,18,1.067146201591822,0.2477563001525659,0.0,0.0,1.0,0.3410076879011011,9.166212534059946,4.0,0,134,15.016394954272736,8.911444141689373,3.0,0,165,16.42034989520778,35.25068119891008,15.0,1,633,58.46104887488512
litesuits_android-common,3.5176470588235293,2.0,0,16,3.5777479106338417,1.2470588235294118,1.0,1,4,0.5957364860274328,0.3712937752941176,0.33333334,0.0,1.0,0.3804018058799396,20.094117647058823,8.0,0,288,40.638248324586485,11.870588235294118,8.0,0,133,18.642493852240165,76.69411764705882,35.0,1,1019,139.32661383285264
alibaba_Alink,6.437721549932771,5.0,0,61,6.235825188860393,1.62657376848796,1.0,1,18,0.9997666514252432,0.3938621775319333,0.25,0.0,1.0,0.4239959403141499,9.273071751619607,3.0,0,608,23.801922930132985,8.81615939371715,4.0,0,230,14.36972292307969,58.1343356557878,13.0,1,11486,228.8155606653123
PlexPt_chatgpt-java,5.27536231884058,3.0,0,40,6.444067171051978,1.2753623188405796,1.0,1,4,0.7252597500412097,0.4181754290625,0.3902116399999999,0.0,1.0,0.3880363338753119,7.63768115942029,0.0,0,186,25.27552350914916,7.0,0.0,0,72,14.870025119643326,29.18840579710145,8.0,2,376,62.09273789173522
dtinit_data-transfer-project,6.872591006423983,4.0,0,47,7.843446642273216,1.2483940042826551,1.0,1,5,0.7039717296513862,0.2649833935436681,0.0,0.0,1.0,0.3055875608834913,6.680942184154175,4.0,0,82,8.963957888073871,11.39507494646681,4.0,0,126,17.566630689097813,36.50428265524625,19.0,1,454,49.77169186078864
googlemaps_android-maps-utils,7.013761467889908,5.0,0,49,6.974264315659648,1.6743119266055049,1.0,1,6,0.9354171715025832,0.3019841719354839,0.0,0.0,0.9537036,0.3474071917877709,11.655963302752294,6.0,0,178,18.028037207790184,14.376146788990823,8.0,0,153,18.17517879567768,63.972477064220186,38.0,1,796,103.61079767900252
BoCloud_folib,6.882865807429871,4.0,0,97,8.326226902443903,1.3442001516300228,1.0,1,18,0.7625740947780237,0.3454049090814682,0.25,0.0,1.0,0.3644644373477264,9.872630780894616,4.0,0,538,21.587043719731422,12.661485974222895,2.0,0,498,27.542711389622973,44.26004548900682,16.0,1,2339,96.86981049511805
hmkcode_Android,4.696428571428571,5.0,0,13,3.4478960269977708,1.6428571428571428,2.0,1,3,0.5197401948376421,0.2299113096428571,0.0,0.0,0.8666667,0.2862250272633126,4.196428571428571,3.0,1,15,3.1646895171975,7.053571428571429,5.0,0,27,6.796843232124595,24.767857142857142,21.5,3,99,18.96598972460352
rockerhieu_emojicon,5.153846153846154,4.0,0,22,5.239216803354354,1.564102564102564,1.0,1,4,0.7878976621655152,0.3573911666666667,0.38888887,0.0,0.85416675,0.3477145061510706,7.333333333333333,3.0,0,46,9.704403052042473,8.256410256410257,4.0,0,40,9.563411494137846,76.17948717948718,13.0,3,1643,261.0418268355185
Nekogram_Nekogram,6.938600227143668,4.0,0,532,14.058957405327096,1.669505962521295,1.0,1,2091,17.695509554848336,0.2807288912030701,0.0,0.0,1.0,0.3293103487634332,24.14856615559341,4.0,0,10092,151.30124122429757,16.74936115843271,4.0,0,2589,50.64925945250605,120.00340715502556,18.0,1,68751,878.9459182198195
cSploit_android,4.208984375,2.0,0,59,5.76150914398248,1.517578125,1.0,1,9,1.0410759495962765,0.153236492281746,0.0,0.0,1.0,0.2884050468516466,8.248046875,3.0,0,247,19.5049041977387,8.9765625,4.0,0,173,15.784118374402254,44.251953125,14.0,1,919,93.00157288873464
apache_logging-log4j2,5.518173887758069,4.0,0,56,5.235873654855953,1.5132305902878744,1.0,1,55,1.4361683080335577,0.3163089398430968,0.0,0.0,1.0,0.3611407916875516,9.536493166618204,4.0,0,533,19.70712826941027,10.483280023262576,5.0,0,181,15.460121424188454,49.069496946786856,21.0,1,2759,97.13346459795474
vert-x3_vertx-examples,5.350993377483444,5.0,0,17,2.673696875950847,1.823399558498896,2.0,1,3,0.5192573932475902,0.0809311898878923,0.0,0.0,1.0,0.1938118667051245,2.9845474613686536,2.0,0,23,2.8676143426561107,12.326710816777044,11.0,0,45,8.10736128945124,20.132450331125828,17.0,2,132,15.53272686743529
tyrantgit_ExplosionField,4.9,2.0,0,14,4.931756504757937,1.5,1.5,1,2,0.5270462766947299,0.2533766209999999,0.071428575,0.0,0.7,0.303238916038608,5.3,2.5,1,13,5.056349144063003,9.0,3.5,0,27,10.295630140987,34.3,20.5,5,113,36.88736609976074
WVector_AppUpdate,4.4375,3.0,0,31,6.012882994434691,1.15625,1.0,1,3,0.4070314523161609,0.141803003125,0.0,0.0,0.9411765,0.315315616703239,8.515625,3.0,0,62,13.265293285577254,9.796875,3.0,0,72,16.711539295795603,45.703125,13.0,1,348,78.58362842695692
kikoso_android-stackblur,1.7804878048780488,0.0,0,21,3.850403843247817,1.0975609756097562,1.0,1,3,0.3744915251898558,0.1875595235,0.0,0.0,0.9,0.3165320138242553,2.2439024390243905,0.0,0,25,5.112633801695942,2.5365853658536586,0.0,0,33,6.716016531306374,22.75609756097561,5.0,2,201,41.28485223892952
AxonFramework_AxonFramework,6.165155869997789,5.0,0,60,6.161106061438162,1.2582356842803448,1.0,1,10,0.6937486580325876,0.198145427911121,0.0,0.0,1.0,0.3008233847397896,5.508733141720097,3.0,0,99,7.728623699620559,8.680521777581252,3.0,0,143,13.697168245652588,36.38514260446606,16.0,1,1010,62.57780487785627
davideas_FlexibleAdapter,5.987730061349693,4.0,0,74,7.605251408426316,2.113496932515337,1.0,1,8,1.6406383499647863,0.2485210789570552,0.0,0.0,1.0,0.3406134995350939,11.515337423312884,4.0,0,761,44.863876965185845,11.512269938650308,3.0,0,292,24.832450910374103,48.64110429447853,16.0,1,2648,161.6814247377797
dongjunkun_DropDownMenu,4.526315789473684,3.0,1,14,3.6570847687533785,1.368421052631579,1.0,1,2,0.495594627783352,0.3293723821052631,0.0,0.0,1.0,0.4131191191198034,4.052631578947368,2.0,1,24,5.816391437715067,6.526315789473684,2.0,0,40,10.079508481472208,27.0,6.0,5,166,42.24663037187437
LinShunKang_MyPerf4J,3.899686520376176,2.0,0,44,4.380054122411957,1.1567398119122256,1.0,1,2,0.3641264613949594,0.2574613129372937,0.0,0.0,1.0,0.3222574353124493,6.884012539184953,3.0,0,73,10.36150174637315,7.705329153605016,4.0,0,111,10.608573271497256,32.974921630094045,18.0,2,373,46.05273840945359
JakeWharton_ThreeTenABP,4.285714285714286,4.0,2,7,1.7994708216848745,1.4285714285714286,1.0,1,2,0.5345224838248488,0.1071428571428571,0.0,0.0,0.75,0.2834733547569204,3.0,3.0,1,5,1.5275252316519468,6.571428571428571,4.0,2,12,4.2370250120079485,16.714285714285715,17.0,6,29,7.016986193380691
M66B_NetGuard,4.809045226130653,2.0,0,63,8.06374343433073,1.2512562814070352,1.0,1,6,0.6869534041277238,0.1222883492763819,0.0,0.0,0.9609312,0.266271204286274,13.326633165829143,2.0,0,472,44.02546146026178,13.733668341708542,4.0,0,289,31.964538781368464,65.4321608040201,11.0,1,2542,226.5631763986655
code4craft_netty-learning,5.063573883161512,4.0,0,31,4.803203245857895,1.6503436426116838,1.0,1,14,1.1260572991102995,0.2814091903425845,0.0,0.0,1.0,0.351959385711998,12.465635738831615,4.0,0,330,25.159399410583102,8.826460481099657,4.0,0,117,13.070512683917528,59.0713058419244,20.0,1,2133,132.4503348948976
bilibili_MagicaSakura,8.297619047619047,7.5,0,40,7.292147554013998,1.6785714285714286,2.0,1,11,1.1939679143003206,0.3505801782142858,0.388888895,0.0,1.0,0.3337109772183755,17.785714285714285,8.5,1,114,20.85293971276884,13.714285714285714,9.0,0,89,15.984609637610216,63.892857142857146,33.5,3,413,75.51254868302256
immutables_immutables,4.664872622891998,3.0,0,71,5.092926524601512,1.284894151417295,1.0,1,21,1.140174487561927,0.0996526542527988,0.0,0.0,1.0,0.2351025613836513,5.226408324363114,2.0,0,491,16.966143139983828,5.9318263365626125,0.0,0,379,16.344429064715733,25.944384642985288,7.0,1,1450,71.16571759600723
dariuszseweryn_RxAndroidBle,5.373165618448637,3.0,0,42,6.466392841946617,1.3144654088050314,1.0,1,6,0.901481260821244,0.2277248622573839,0.0,0.0,1.0,0.3450986857716699,6.771488469601677,2.0,0,198,15.303655591409392,4.677148846960168,1.0,0,58,8.868587862640696,32.45073375262054,10.0,1,1163,75.43050243760734
Netflix_concurrency-limits,4.609375,3.0,0,22,4.597559049386796,1.28125,1.0,1,5,0.7091916214292945,0.310487183953125,0.0,0.0,1.0,0.3535758982239322,6.3515625,4.0,0,27,5.212930385940466,8.8359375,4.0,0,59,11.585204618102654,40.2578125,20.0,2,200,42.5742974648553
johncarl81_parceler,4.693181818181818,3.0,0,95,7.075508714287312,1.35,1.0,1,23,1.321023279770179,0.162775672819753,0.0,0.0,1.0,0.2753905563752267,3.6818181818181817,2.0,0,145,9.70656665985558,3.4068181818181817,0.0,0,125,9.208812698216336,23.081818181818186,9.0,1,1023,72.9916688625364
Aefyr_SAI,6.427109974424552,5.0,0,43,6.870537737748285,1.5396419437340154,1.0,1,11,0.935257471573282,0.3223388914805195,0.2857143,0.0,1.0,0.3370248151008306,9.186700767263428,6.0,0,66,10.892172070826213,11.048593350383632,4.0,0,111,17.44839105993346,41.9462915601023,21.0,1,555,57.10969813287053
Guardsquare_proguard,9.25344827586207,6.0,0,170,13.397841131447374,1.2327586206896552,1.0,1,7,0.8328090781407663,0.3006340591001757,0.25,0.0,1.0,0.3255462012420241,15.406896551724138,5.0,0,353,33.28258587164788,11.06206896551724,5.0,0,161,18.06425709275156,57.4051724137931,22.0,1,1099,111.43373833283314
spring-cloud_spring-cloud-kubernetes,8.253509496284062,7.0,0,36,6.51515541410572,1.2972749793559042,1.0,1,5,0.5954240154781806,0.2132013665821635,0.0,0.0,1.0,0.2916031958628296,4.19570602807597,2.0,0,93,5.801297779525907,11.346820809248555,6.0,0,132,14.365544616052606,30.230388109000828,15.0,2,507,43.23291447475498
nageoffer_12306,5.047846889952153,3.0,0,69,6.377614301440621,1.2033492822966507,1.0,1,5,0.557734607226237,0.205445575,0.0,0.0,1.0,0.3077406293328658,3.911483253588517,1.0,0,106,9.935731714431393,6.973684210526316,0.0,0,257,18.07343868538653,20.717703349282296,9.0,1,440,44.79943818686826
arimorty_floatingsearchview,3.5703703703703704,2.0,0,68,7.118968503116816,1.1777777777777778,1.0,1,3,0.4710525950079052,0.1218646384444444,0.0,0.0,1.0,0.2894125268236354,5.0962962962962965,2.0,0,163,15.7914931161346,5.725925925925926,1.0,0,184,17.420792872967358,30.88888888888889,7.0,2,1259,116.2113146459556
luontola_retrolambda,2.408333333333333,1.0,0,50,5.159377591039226,1.4125,1.0,1,7,0.9242491015270938,0.0927063155982906,0.0,0.0,1.0,0.2300570131213977,3.725,1.0,0,42,6.497456856855192,4.145833333333333,0.0,0,62,9.55930527257508,20.2,5.5,2,396,42.62301419318129
rom1v_sndcpy,7.75,4.5,2,20,8.261355820929152,2.0,2.0,1,3,0.816496580927726,0.2886904925,0.125,0.0,0.90476197,0.4272881231357871,8.5,4.5,3,22,9.03696114115064,16.0,8.0,4,44,18.76166303929372,53.5,20.0,15,159,70.37281672161015
andremion_Music-Player,4.40625,3.5,0,12,3.679580752766412,1.75,2.0,1,4,0.8032193289024988,0.24008404,0.0,0.0,0.8351648,0.3220942772178876,5.0625,3.0,0,24,5.662197795111696,4.9375,2.0,0,27,6.010407640085654,28.9375,19.5,2,150,32.10862360297338
lenve_JavaEETest,3.344155844155844,3.0,0,18,3.1235556037216283,1.077922077922078,1.0,1,2,0.2689234780113469,0.1200900947712418,0.0,0.0,1.0,0.247754693835395,3.136363636363636,2.0,0,16,3.240003594402472,2.467532467532468,1.0,0,30,4.485516024072029,13.85064935064935,9.0,2,84,13.98074421216248
eclipse-openj9_openj9,3.294656703792472,2.0,0,97,5.035661985968203,1.5253066403496405,1.0,1,48,1.3755328895110122,0.2598275342090032,0.0,0.0,1.0,0.3557089220838724,17.26899760327083,4.0,0,16340,199.7440751000836,9.385450444099815,3.0,0,453,19.616638089036048,90.89792753418864,20.0,1,81703,1001.656522643434
lsjwzh_RecyclerViewPager,4.309859154929577,2.0,0,19,4.278155641648045,1.4929577464788732,1.0,1,4,0.7146075733599669,0.1501252809859155,0.0,0.0,0.92108095,0.2613165370352437,6.971830985915493,2.0,1,139,17.184687395623815,7.23943661971831,4.0,0,80,10.764312450649658,38.52112676056338,20.0,3,493,63.46154272019047
nytimes_Store,6.182758620689655,5.0,0,35,4.981388820219982,1.5620689655172413,1.0,1,52,3.1388748775568294,0.2062740785294117,0.0,0.0,1.0,0.2950245679966314,6.913793103448276,3.0,0,231,17.888625527939393,6.772413793103448,2.0,0,113,12.941307393768868,38.92413793103448,14.0,1,2902,182.4719187860095
Athou_commafeed,7.442379182156134,5.0,0,66,7.9537743029114525,1.3680297397769516,1.0,1,10,0.8650878994293648,0.2403648105178571,0.0,0.0,1.0,0.3245556070812519,5.732342007434944,3.0,0,61,8.891705136856677,13.8364312267658,6.0,0,151,21.3811190049282,35.41635687732342,16.0,1,282,48.96706813058138
codeestX_GeekNews,4.624145785876993,2.0,0,33,5.221352379677307,1.4464692482915718,1.0,1,5,0.9172273428553016,0.2658654024485126,0.0,0.0,1.0,0.3663341776675641,4.943052391799545,2.0,0,83,7.113171317123365,5.533029612756264,1.0,0,63,8.981623943050176,27.195899772209568,11.0,1,565,42.48553749679717
baoyongzhang_SwipeMenuListView,4.393939393939394,2.0,0,16,4.834378152483742,1.4545454545454546,1.0,1,4,0.753778361444409,0.1804725148484848,0.0,0.0,0.88947356,0.3308300167487871,8.030303030303031,2.0,1,75,15.625469689910222,7.848484848484849,3.0,0,42,11.953349980552554,40.81818181818182,12.0,3,264,65.74926546426896
apache_incubator-kie-optaplanner,7.250699844479005,5.0,0,85,6.90877385419692,1.8410575427682736,1.0,1,23,1.208477162282913,0.2640353293624454,0.0,0.0,1.0,0.3123941902664023,9.465007776049768,5.0,0,207,15.177315522313142,10.61461897356143,4.0,0,275,18.648815448819605,48.3751166407465,23.0,1,2494,94.0457818732735
getActivity_Toaster,4.583333333333333,3.0,0,21,4.4296081735779484,1.3333333333333333,1.0,1,4,0.6761234037828132,0.200247478,0.0,0.0,0.9243697,0.3515039049892248,9.88888888888889,5.0,0,61,13.3433295861432,8.083333333333334,3.5,0,46,10.955429182438657,41.47222222222222,20.0,3,211,52.10181576825519
KingJA_LoadSir,5.1891891891891895,3.0,0,18,4.353161898168084,1.554054054054054,1.5,1,3,0.6000431923241628,0.200188745,0.0,0.0,1.0,0.3148974167663156,3.445945945945946,2.0,1,21,4.161604971912111,4.567567567567568,3.0,0,27,4.803198366730922,20.013513513513512,12.5,3,93,21.12292349735608
snehasishroy_leetcode-companywise-interview-questions,6.0,6.0,1,11,7.071067811865476,1.0,1.0,1,1,0.0,0.4,0.4,0.0,0.8,0.5656854249492381,23.0,23.0,1,45,31.11269837220809,33.0,33.0,1,65,45.254833995939045,101.5,101.5,6,197,135.0573952066306
phodal_migration,1.4166666666666667,1.0,1,3,0.6685579234215214,1.0,1.0,1,1,0.0,0.0,0.0,0.0,0.0,0.0,1.4166666666666667,1.0,1,3,0.792961461098759,1.5833333333333333,2.0,0,3,0.996204919895622,8.416666666666666,8.0,4,14,3.2039275140289165
ittianyu_BottomNavigationViewEx,4.896551724137931,3.0,0,23,5.122393606133527,1.5862068965517242,1.0,1,3,0.7327658649308672,0.1528323527586206,0.0,0.0,0.94186044,0.2700909988762523,8.655172413793103,3.0,1,87,20.103794705884624,8.96551724137931,3.0,1,59,13.001326192301333,47.27586206896552,13.0,5,424,92.42521940610156
WinterChenS_my-site,6.188888888888889,3.0,0,36,7.975939160571223,1.1888888888888889,1.0,1,4,0.49479185146852445,0.28939834203125,0.0,0.0,1.0,0.3578322803429707,9.166666666666666,3.5,0,126,17.589737815115218,9.022222222222222,0.0,0,78,15.706563272648248,38.84444444444444,11.0,2,604,78.0077655470463
Anuken_Mindustry,4.676092544987147,2.0,0,198,8.891589567382356,1.5655526992287918,1.0,1,53,1.6822373274478255,0.2255651276815552,0.0,0.0,1.0,0.33640995808926966,12.18215203819317,1.0,0,807,37.56523423513723,10.875137715754683,2.0,0,360,25.886157444728134,64.52772677194271,16.0,1,7251,218.47433772452374
